symbol,price_at_rebalance,alt_return_30d,rs_spread_vs_btc,volatility_30d,sharpe_momentum_score,fwd_7d_price,fwd_7d_return,fwd_7d_alpha,fwd_14d_return,fwd_30d_return,rank_raw_mom,rank_sharpe_mom,is_top10_raw,is_top10_sharpe,is_top7_sharpe,is_top5_sharpe,rebalance_date,rebalance_day,week_number
AKE_USDT,0.00161,2.0503978779840852,1.9998351142676103,5.530157043628941,0.370766663913507,0.001566,-0.027329192546583975,-0.11799584754365201,0.12490683229813654,-0.08378881987577644,1,8,1,1,0,0,2025-09-29 00:00:00,2025-09-29,1
ZEC_USDT,72.11,0.80275,0.752187236283525,1.1386900244673137,0.7049767564052661,155.88,1.1616974067397032,1.0710307517426352,2.455415337678547,3.8675634447372067,2,3,1,1,1,1,2025-09-29 00:00:00,2025-09-29,1
PUMPFUN_USDT,0.00575,0.6676334106728538,0.6170706469563788,1.5943171213656608,0.41875822678299535,0.006192,0.07686956521739124,-0.013797089779676794,-0.24608695652173906,-0.09165217391304342,3,5,1,1,1,1,2025-09-29 00:00:00,2025-09-29,1
XPL_USDT,1.1994,0.6497936726272353,0.5992309089107604,3.09536255020829,0.20992489961588184,1.0404,-0.13256628314157082,-0.22323293813863887,-0.6135567783891945,-0.7228614307153577,4,16,1,0,0,0,2025-09-29 00:00:00,2025-09-29,1
WLD_USDT,1.2793,0.4159380188157168,0.3653752550992419,2.163858264333708,0.1922205468220867,1.3072,0.02180880168842321,-0.06885785330864483,-0.21136559055733617,-0.32767919956226066,5,17,1,0,0,0,2025-09-29 00:00:00,2025-09-29,1
SOONNETWORK_USDT,0.3495,0.38800635424940405,0.33744359053292916,1.1262803325224613,0.3445024680315689,0.7569,1.1656652360515023,1.0749985810544342,1.9484978540772535,1.1198855507868384,6,10,1,1,0,0,2025-09-29 00:00:00,2025-09-29,1
ETHFI_USDT,1.4987,0.3860168315916027,0.3354540678751278,1.0589296600785272,0.3645349130772074,1.8201,0.21445252552211927,0.12378587052505123,-0.14152265296590377,-0.35090411690131446,7,9,1,1,0,0,2025-09-29 00:00:00,2025-09-29,1
EIGEN_USDT,1.6468,0.35438769635660833,0.30382493264013344,1.3235873461079066,0.2677478727782553,1.941,0.17864950206461017,0.08798284706754213,-0.15083798882681562,-0.33282730143308237,8,14,1,0,0,0,2025-09-29 00:00:00,2025-09-29,1
TESLA_USDT,441.96,0.32382806649692963,0.27326530278045474,0.4867216579311001,0.665324957745707,451.45,0.02147253145081005,-0.069194123546258,-0.009616254864693637,0.048895827676712855,9,4,1,1,1,1,2025-09-29 00:00:00,2025-09-29,1
AVAX_USDT,30.395,0.2789278801649416,0.2283651164484667,0.8687448945498004,0.3210699503557798,30.614,0.007205132423095943,-0.0834615225739721,-0.21707517683829575,-0.35370949169271265,10,11,1,0,0,0,2025-09-29 00:00:00,2025-09-29,1
ZEC_USDT,155.88,2.2872205820328975,2.1557358251159444,2.4715470928920067,0.9254205953067942,249.17,0.5984731845008981,0.6747425007941921,0.7220939183987684,2.054914036438286,1,1,1,1,1,1,2025-10-06 00:00:00,2025-10-06,2
SOONNETWORK_USDT,0.7569,1.6726694915254237,1.5411847346084706,2.3375956411526175,0.715551253637976,1.0305,0.36147443519619493,0.4377437514894889,0.2898665609723873,1.0791385916237284,2,4,1,1,1,1,2025-10-06 00:00:00,2025-10-06,2
AKE_USDT,0.001566,0.8131295588746091,0.6816448019576561,5.622245105330038,0.14462719850184771,0.0018111,0.15651340996168586,0.2327827262549798,0.023116219667943885,-0.2665389527458492,3,40,1,0,0,0,2025-10-06 00:00:00,2025-10-06,2
ETHFI_USDT,1.8201,0.5758441558441558,0.4443593989272028,1.2611035106382027,0.4566192631981019,1.2866,-0.293115762870172,-0.21684644657687802,-0.4131641118619856,-0.5230481841657052,4,7,1,1,1,0,2025-10-06 00:00:00,2025-10-06,2
CAKE_USDT,3.7747,0.5673060953330014,0.4358213384160483,1.3386496959076115,0.42378980630056834,3.643,-0.03489018994887021,0.041379126344423756,-0.23045540042917326,-0.4008000635812118,5,9,1,1,0,0,2025-10-06 00:00:00,2025-10-06,2
XPL_USDT,1.0404,0.5327047731290514,0.40122001621209835,2.9934788711167872,0.17795508038121327,0.4635,-0.5544982698961938,-0.4782289536028998,-0.6166858900422914,-0.7068435217224145,6,35,1,0,0,0,2025-10-06 00:00:00,2025-10-06,2
EIGEN_USDT,1.941,0.4956079519186315,0.36412319500167845,1.4263140377676704,0.3474746365774464,1.3984,-0.27954662545079856,-0.20327730915750458,-0.40741885625966007,-0.6042761463163318,7,12,1,0,0,0,2025-10-06 00:00:00,2025-10-06,2
STRK_USDT,0.1809,0.488888888888889,0.35740413197193593,1.1340895081428453,0.43108492352555167,0.1323,-0.26865671641791045,-0.19238740012461647,-0.2874516307352129,-0.4057490326147043,8,8,1,1,0,0,2025-10-06 00:00:00,2025-10-06,2
CELO_USDT,0.423,0.46875000000000006,0.337265243083047,1.3686270254035682,0.34249652483793336,0.331,-0.2174940898345153,-0.14122477354122132,-0.41134751773049644,-0.4704491725768321,9,14,1,0,0,0,2025-10-06 00:00:00,2025-10-06,2
DASH_USDT,34.5,0.4606265876375952,0.3291418307206421,1.5233523549688262,0.3023769163681251,50.72,0.4701449275362318,0.5464142438295257,0.4142028985507246,2.0214492753623188,10,19,1,0,0,0,2025-10-06 00:00:00,2025-10-06,2
ZEC_USDT,249.17,3.719128787878788,3.725608871633094,3.0723042820820323,1.2105339987217727,268.44,0.07733675803668183,0.11766186777772505,0.37167395753902954,1.0270498053537747,1,1,1,1,1,1,2025-10-13 00:00:00,2025-10-13,3
SOONNETWORK_USDT,1.0305,2.154269972451791,2.160750056206097,2.241481353654076,0.9610920782097461,0.9763,-0.05259582726831638,-0.01227071752727315,-0.2607472100921882,1.0180494905385737,2,2,1,1,1,1,2025-10-13 00:00:00,2025-10-13,3
DASH_USDT,50.72,1.0007889546351083,1.007269038389414,2.033310607290547,0.49219679032152025,48.79,-0.03805205047318611,0.0022730592678571193,-0.04081230283911673,0.32235804416403774,3,5,1,1,1,1,2025-10-13 00:00:00,2025-10-13,3
ZEN_USDT,13.489,0.7040171803941385,0.7104972641484443,1.4788028054784035,0.4760723862478634,12.419,-0.07932389354288681,-0.03899878380184358,0.010527096152420451,-0.027503892060197228,4,6,1,1,1,0,2025-10-13 00:00:00,2025-10-13,3
AKE_USDT,0.0018111,0.6238680175737469,0.6303481013280526,5.624944894777495,0.11091095632829753,0.0016022,-0.11534426591574178,-0.07501915617469854,-0.10761415714206837,-0.5832367069736625,5,15,1,0,0,0,2025-10-13 00:00:00,2025-10-13,3
USELESS_USDT,0.4157,0.435924006908463,0.44240409066276876,3.05566575000602,0.1426608937537112,0.3426,-0.1758479672840991,-0.13552285754305587,-0.30863603560259806,-0.6088525378878998,6,13,1,0,0,0,2025-10-13 00:00:00,2025-10-13,3
CAKE_USDT,3.643,0.40315063744559565,0.4096307211999014,2.0269292034230464,0.19889724651692872,2.9048,-0.20263519077683229,-0.16231008103578906,-0.2626681306615426,-0.32382651660719186,7,9,1,1,0,0,2025-10-13 00:00:00,2025-10-13,3
BNB_USDT,1293.96,0.3850698978827257,0.3915499816370315,0.9619508785289964,0.40030099922728896,1099.64,-0.15017465764011248,-0.10984954789906926,-0.12033602275186252,-0.26381031871155214,8,7,1,1,1,0,2025-10-13 00:00:00,2025-10-13,3
TAO_USDT,447.3,0.24596100278551536,0.2524410865398211,1.4393704137272822,0.17088096325989763,422.5,-0.055443773753632936,-0.015118664012589704,-0.07243460764587532,-0.2222222222222223,9,12,1,0,0,0,2025-10-13 00:00:00,2025-10-13,3
PAXG_USDT,4139.35,0.1378467678977867,0.14432685165209247,0.15717547999433976,0.8770246345215607,4362.63,0.05394083612161323,0.09426594586265646,-0.03624965272325369,0.008653532559459748,10,4,1,1,1,1,2025-10-13 00:00:00,2025-10-13,3
ZEC_USDT,268.44,4.308285544789401,4.352868502266554,3.115996217499447,1.3826350367802285,341.78,0.2732081656981075,0.24070612894604815,0.611868573983013,1.5089777976456564,1,1,1,1,1,1,2025-10-20 00:00:00,2025-10-20,4
SOONNETWORK_USDT,0.9763,1.8103051237766266,1.854888081253779,2.381081477184241,0.7602869289115681,0.7618,-0.2197070572569906,-0.25220909400905,-0.29458158352965275,0.2602683601352043,2,2,1,1,1,1,2025-10-20 00:00:00,2025-10-20,4
DASH_USDT,48.79,1.0975924333619946,1.142175390839147,2.1028540105063005,0.5219537009598347,48.65,-0.0028694404591104853,-0.03537147721116987,1.4334904693584751,0.6308669809387168,3,5,1,1,1,1,2025-10-20 00:00:00,2025-10-20,4
USELESS_USDT,0.3426,0.809825673534073,0.8544086310112253,3.0163903216449794,0.26847509346616555,0.2874,-0.16112084063047294,-0.1936228773825323,-0.4620548744892003,-0.6252189141856392,4,8,1,1,0,0,2025-10-20 00:00:00,2025-10-20,4
ZEN_USDT,12.419,0.6665324745034891,0.7111154319806414,1.5521221463224941,0.42943300311945903,13.631,0.09759239874386019,0.06509036199180081,0.547145502858523,0.17457122151541984,5,7,1,1,1,0,2025-10-20 00:00:00,2025-10-20,4
AMDSTOCK_USDT,243.01,0.5607578676942839,0.6053408251714363,1.101218388956305,0.5092158588322794,256.71,0.056376280811489196,0.02387424405942981,0.056870087650713934,-0.03255010081889633,6,6,1,1,1,0,2025-10-20 00:00:00,2025-10-20,4
TAO_USDT,422.5,0.222511574074074,0.26709453155122637,1.5507918483323855,0.14348255332483698,414.9,-0.017988165680473428,-0.05049020243253281,0.10485207100591719,-0.22863905325443792,7,10,1,1,0,0,2025-10-20 00:00:00,2025-10-20,4
PAXG_USDT,4362.63,0.18393693094698568,0.22851988842413806,0.28709986712401,0.6406722956354972,3989.3,-0.08557452729202338,-0.11807656404408276,-0.08558140387793604,-0.06111680339611659,8,4,1,1,1,1,2025-10-20 00:00:00,2025-10-20,4
XAUT_USDT,4357.4,0.18362579453468778,0.22820875201184015,0.24340219133399285,0.7544130705163586,3994.4,-0.0833065589571762,-0.11580859570923559,-0.08381144719328036,-0.06258319181163076,9,3,1,1,1,1,2025-10-20 00:00:00,2025-10-20,4
AAPLSTOCK_USDT,261.57,0.06463429525011191,0.10921725272726428,0.3153505669707048,0.2049601364950654,272.1,0.04025691019612352,0.007754873444064135,0.024238253622357427,0.03823068394693581,10,9,1,1,0,0,2025-10-20 00:00:00,2025-10-20,4
ZEC_USDT,341.78,5.150440885369804,5.109526352054479,3.1241621961300647,1.6485830638850036,432.69,0.2659898180115865,0.33198111210551035,0.5291122944584237,0.5397916788577448,1,1,1,1,1,1,2025-10-27 00:00:00,2025-10-27,5
RIVER_USDT,7.289,2.201141853315766,2.160227320000441,2.713727832161152,0.8111137112680994,8.022,0.10056249142543566,0.1665537855193595,-0.0052133351625736546,-0.4698861297846069,2,2,1,1,1,1,2025-10-27 00:00:00,2025-10-27,5
SOONNETWORK_USDT,0.7618,1.3432789910796679,1.3023644577643432,2.6444368138445213,0.5079641094266831,0.6887,-0.09595694407981104,-0.029965649985887202,1.5762667366762928,-0.27684431609346294,3,6,1,1,1,0,2025-10-27 00:00:00,2025-10-27,5
DASH_USDT,48.65,1.3277511961722488,1.286836662856924,2.1906451820834465,0.6061005255581695,118.73,1.4404933196300105,1.5064846137239343,0.49434737923946565,0.4275436793422406,4,4,1,1,1,1,2025-10-27 00:00:00,2025-10-27,5
ZEN_USDT,13.631,1.1365203761755487,1.095605842860224,1.610736653923985,0.7055904349148711,19.214,0.40958110190008057,0.4755723959940044,-0.04995965079597982,-0.06463208862152447,5,3,1,1,1,1,2025-10-27 00:00:00,2025-10-27,5
USELESS_USDT,0.2874,0.8759791122715403,0.8350645789562156,2.941447702319516,0.29780543491586675,0.1843,-0.35873347251217813,-0.2927421784182543,-0.26583159359777314,-0.5685455810716771,6,8,1,1,0,0,2025-10-27 00:00:00,2025-10-27,5
AMDSTOCK_USDT,256.71,0.6079549013466957,0.5670403680313709,1.1333212354646727,0.5364365215458337,256.83,0.0004674535468038041,0.06645874764072764,-0.055276381909547624,-0.1623621985898484,7,5,1,1,1,1,2025-10-27 00:00:00,2025-10-27,5
VIRTUAL_USDT,1.4314,0.3993547756378924,0.35844024232256766,2.14127374058615,0.1865033732345559,1.4596,0.01970099203576918,0.08569228612969301,0.022984490708397323,-0.31731172278887804,8,14,1,0,0,0,2025-10-27 00:00:00,2025-10-27,5
TAO_USDT,414.9,0.3894842598794372,0.34856972656411245,1.5584734877636446,0.24991394652361626,466.8,0.12509038322487356,0.19108167731879738,-0.06748614123885274,-0.25451916124367313,9,10,1,1,0,0,2025-10-27 00:00:00,2025-10-27,5
XMR_USDT,341.25,0.1920564502043526,0.15114191688902787,0.7826350827978185,0.2453971901154441,345.87,0.013538461538461551,0.07952975563238539,0.13649816849816845,0.16890842490842486,10,11,1,0,0,0,2025-10-27 00:00:00,2025-10-27,5
DASH_USDT,118.73,2.4726528224627087,2.6018770049264663,2.5755008269007886,0.9600667942468334,72.7,-0.3876863471742609,-0.3823040026535234,-0.3075044217973554,-0.5896572054240714,1,1,1,1,1,1,2025-11-03 00:00:00,2025-11-03,6
RIVER_USDT,8.022,2.027169811320755,2.1563939937845125,2.7354299501106225,0.7410790436211956,7.251,-0.09611069558713536,-0.09072835106639782,-0.5067314884068811,-0.5194465220643231,2,3,1,1,1,1,2025-11-03 00:00:00,2025-11-03,6
ZEC_USDT,432.69,1.7591506185435533,1.888374801007311,2.351545054988118,0.7480828890826597,522.62,0.20783933069865262,0.21322167521939017,0.41135686056992293,-0.21731493679077393,3,2,1,1,1,1,2025-11-03 00:00:00,2025-11-03,6
ZEN_USDT,19.214,0.9279550471603452,1.057179229624103,2.232823230377029,0.41559718411011565,12.95,-0.32601228271052357,-0.320629938189786,-0.17903611949620069,-0.5106172582491932,4,5,1,1,1,1,2025-11-03 00:00:00,2025-11-03,6
AMDSTOCK_USDT,256.83,0.5530628288081271,0.6822870112718847,1.1365533065293294,0.4866140687206342,242.52,-0.055717789977806235,-0.05033544545706868,-0.07393996028501336,-0.15449908499785844,5,4,1,1,1,1,2025-11-03 00:00:00,2025-11-03,6
TAO_USDT,466.8,0.4619480112746633,0.5911721937384209,1.6697927298414166,0.27664991170403247,386.9,-0.17116538131962303,-0.16578303679888548,-0.3292630676949443,-0.3684661525278492,6,8,1,1,0,0,2025-11-03 00:00:00,2025-11-03,6
SOONNETWORK_USDT,0.6887,0.43300041614648344,0.5622245986102411,2.5801271037857867,0.1678213509369936,1.9626,1.8497168578481193,1.8550992023688568,0.9835922753012925,-0.32394366197183094,7,10,1,1,0,0,2025-11-03 00:00:00,2025-11-03,6
VIRTUAL_USDT,1.4596,0.3170907778379353,0.446314960301693,2.5951238563322767,0.12218714612183634,1.4643,0.003220060290490495,0.008602404811228048,-0.27391066045491913,-0.3256371608659907,8,13,1,0,0,0,2025-11-03 00:00:00,2025-11-03,6
GOOGLSTOCK_USDT,285.66,0.15222652468538253,0.2814507071491402,0.5500138570299699,0.2767685263556693,293.85,0.02867044738500314,0.03405279190574069,0.0020653924245605786,0.1239235454736399,9,7,1,1,1,0,2025-11-03 00:00:00,2025-11-03,6
PLTRSTOCK_USDT,199.58,0.14952194447644285,0.2787461269402005,0.4122117431919714,0.3627309191111736,195.49,-0.020493035374286015,-0.01511069085354846,-0.14024451347830447,-0.11849884757991785,10,6,1,1,1,0,2025-11-03 00:00:00,2025-11-03,6
RIVER_USDT,7.251,1.8773809523809524,1.9191519561239743,2.793677379748215,0.672010650188303,3.957,-0.45428216797683085,-0.32413129042952765,-0.4746931457729968,-0.136808716039167,1,1,1,1,1,1,2025-11-10 00:00:00,2025-11-10,7
SOONNETWORK_USDT,1.9626,1.2802370163820145,1.3220080201250364,4.786802656603636,0.2674513883742132,1.3661,-0.3039335575257311,-0.1737826799784279,-0.6852134923061245,-0.7778966676857231,2,15,1,0,0,0,2025-11-10 00:00:00,2025-11-10,7
ICP_USDT,6.811,1.1774296675191815,1.2192006712622034,2.072010091206109,0.568254793987902,5.502,-0.19218910585817064,-0.062038228310867444,-0.38393774776097495,-0.49390691528409925,3,2,1,1,1,1,2025-11-10 00:00:00,2025-11-10,7
VIRTUAL_USDT,1.4643,1.0787904599659284,1.1205614637089503,2.512383036938943,0.42938932643022204,1.0598,-0.2762412074028545,-0.14609032985555132,-0.3611281841152769,-0.42655193607867237,4,5,1,1,1,1,2025-11-10 00:00:00,2025-11-10,7
DASH_USDT,72.7,0.841438703140831,0.883209706883853,2.7951263730394276,0.30103780324817603,82.22,0.13094910591471795,0.2610999834620211,-0.22132049518569466,-0.35625859697386525,5,11,1,0,0,0,2025-11-10 00:00:00,2025-11-10,7
ZEC_USDT,522.62,0.7984170681348932,0.8401880718779152,1.7506877189981012,0.45605910150087664,610.68,0.1684971872488614,0.29864806479616457,-0.006295204929011449,-0.22637863074509204,6,3,1,1,1,1,2025-11-10 00:00:00,2025-11-10,7
FILECOIN_USDT,2.55,0.6325224071702943,0.6742934109133163,3.1887567267900216,0.19836019532509971,2.018,-0.20862745098039218,-0.07847657343308898,-0.3564705882352941,-0.42509803921568623,7,20,1,0,0,0,2025-11-10 00:00:00,2025-11-10,7
UNI_USDT,9.336,0.595897435897436,0.637668439640458,1.7734998574294485,0.33600083665140157,7.415,-0.20576263924592975,-0.07561176169862655,-0.32604970008568984,-0.4003856041131106,8,9,1,1,0,0,2025-11-10 00:00:00,2025-11-10,7
TRUMPOFFICIAL_USDT,8.875,0.5155396174863388,0.5573106212293608,1.2479580120292637,0.41310654085872384,6.914,-0.22095774647887328,-0.09080686893157008,-0.2827042253521127,-0.35414084507042254,9,6,1,1,1,0,2025-11-10 00:00:00,2025-11-10,7
AERO_USDT,1.1841,0.5149692937563971,0.5567402974994191,1.3943701394637673,0.36932036851738576,0.7737,-0.34659234861920435,-0.21644147107190115,-0.4089181656954649,-0.4584916814458238,10,8,1,1,0,0,2025-11-10 00:00:00,2025-11-10,7
ZEC_USDT,610.68,1.7605098996474096,1.9000594597099576,1.8807019679575607,0.9360919112342507,519.33,-0.1495873452544703,-0.10703304572089462,-0.4365461452806707,-0.38339228401126607,1,1,1,1,1,1,2025-11-17 00:00:00,2025-11-17,8
DASH_USDT,82.22,0.9327691584391161,1.0723187185016643,2.7023832426051495,0.34516538725273793,56.61,-0.3114813913889565,-0.2689270918553808,-0.4125516905862321,-0.5370955971783021,2,5,1,1,1,1,2025-11-17 00:00:00,2025-11-17,8
ICP_USDT,5.502,0.8068965517241379,0.946446111786686,2.2070518719383667,0.36559926931643544,4.196,-0.23736822973464197,-0.1948139302010663,-0.3258814976372228,-0.47637222828062525,3,4,1,1,1,1,2025-11-17 00:00:00,2025-11-17,8
STRK_USDT,0.1949,0.7686025408348456,0.9081521008973937,2.0424988417759615,0.376305006942644,0.1419,-0.27193432529502304,-0.22938002576144736,-0.39096972806567465,-0.5510518214468958,4,3,1,1,1,1,2025-11-17 00:00:00,2025-11-17,8
SOONNETWORK_USDT,1.3661,0.61649508933854,0.7560446494010882,5.028834323016491,0.12259204613619927,0.6178,-0.5477637069028621,-0.5052094073692864,-0.6673010760559256,-0.7472366591025548,5,12,1,0,0,0,2025-11-17 00:00:00,2025-11-17,8
VIRTUAL_USDT,1.0598,0.4098709591592391,0.5494205192217873,2.5275980552352393,0.16215828237021376,0.9355,-0.11728628043026992,-0.07473198089669425,-0.21268163804491416,-0.35950179279109273,6,8,1,1,0,0,2025-11-17 00:00:00,2025-11-17,8
ZEN_USDT,15.774,0.39125066149232673,0.5308002215548748,2.496154719027811,0.1567413504098452,12.358,-0.2165588943831621,-0.1740045948495864,-0.3762520603524787,-0.5289717256244453,7,9,1,1,0,0,2025-11-17 00:00:00,2025-11-17,8
FILECOIN_USDT,2.018,0.3525469168900803,0.49209647695262837,3.22473498078225,0.10932585747079289,1.641,-0.18681863230921697,-0.1442643327756413,-0.26610505450941513,-0.39395441030723477,8,13,1,0,0,0,2025-11-17 00:00:00,2025-11-17,8
XMR_USDT,406.23,0.3222771954950849,0.461826755557633,0.7938553966355849,0.40596460874476425,386.5,-0.04856854491298038,-0.0060142453794046966,-0.002757058809049072,0.029589149004258627,9,2,1,1,1,1,2025-11-17 00:00:00,2025-11-17,8
UNI_USDT,7.415,0.23152300282345128,0.37107256288599944,1.8314206735712713,0.12641716136794576,6.292,-0.15144976399190832,-0.10889546445833265,-0.24517869184086305,-0.33068105192178016,10,11,1,0,0,0,2025-11-17 00:00:00,2025-11-17,8
ZEC_USDT,519.33,0.883131481615781,1.0922706382660414,1.9952677853460437,0.44261301069551306,344.09,-0.33743477172510744,-0.31471334518531174,-0.21976392659773178,-0.13640652379026827,1,1,1,1,1,1,2025-11-24 00:00:00,2025-11-24,9
DASH_USDT,56.61,0.3484992853739877,0.5576384420242482,2.7801134633702738,0.12535433893820624,48.3,-0.14679385267620565,-0.12407242613640994,-0.12241653418124006,-0.32361773538244126,2,6,1,1,1,0,2025-11-24 00:00:00,2025-11-24,9
ICP_USDT,4.196,0.3461661854347128,0.5553053420849732,2.2821171439710044,0.15168642256127365,3.709,-0.11606291706387027,-0.09334149052407456,-0.19113441372735931,-0.2828884652049571,3,5,1,1,1,1,2025-11-24 00:00:00,2025-11-24,9
GOOGLSTOCK_USDT,323.68,0.22736235401183064,0.4365015106620911,0.6209622572381434,0.36614520667177297,315.66,-0.024777558082056294,-0.0020561315422605864,-0.027681660899653914,-0.02833044982698967,4,2,1,1,1,1,2025-11-24 00:00:00,2025-11-24,9
STRK_USDT,0.1419,0.18645484949832777,0.3955940061485882,2.45002022211073,0.07610339205188031,0.1187,-0.16349541930937278,-0.14077399276957708,-0.22692036645525013,-0.42494714587737836,5,10,1,1,0,0,2025-11-24 00:00:00,2025-11-24,9
XMR_USDT,386.5,0.1580177372962608,0.36715689394652123,0.9717155039150692,0.16261728526467148,405.11,0.04815006468305308,0.07087149122284879,-0.03112548512289773,0.12551099611901678,6,4,1,1,1,1,2025-11-24 00:00:00,2025-11-24,9
WLFI_USDT,0.1536,0.11546840958605664,0.32460756623631704,1.2807783302167228,0.09015487447114913,0.1533,-0.0019531249999999657,0.020768301539795742,-0.019531249999999837,-0.13736979166666655,7,9,1,1,0,0,2025-11-24 00:00:00,2025-11-24,9
ZEN_USDT,12.358,0.09566450926500582,0.30480366591526625,2.5608993146616688,0.03735582602459498,9.839,-0.20383557209904515,-0.18111414555924946,-0.28143712574850294,-0.3643793494092895,8,12,1,0,0,0,2025-11-24 00:00:00,2025-11-24,9
BCH_USDT,548.96,0.08154540260456694,0.2906845592548274,0.8841914573768204,0.09222595618203798,522.81,-0.047635529000291624,-0.024914102460495916,0.0542480326435441,0.03561279510346829,9,8,1,1,0,0,2025-11-24 00:00:00,2025-11-24,9
AR_USDT,4.108,0.07708442579968526,0.28622358244994567,2.3848758542871433,0.03232219642004232,3.953,-0.03773125608568642,-0.015009829545890713,-0.01728334956183051,-0.1677215189873417,10,14,1,0,0,0,2025-11-24 00:00:00,2025-11-24,9
QNT_USDT,100.83,0.26100550275137574,0.4773449551103901,1.2310198874115008,0.21202379053371684,88.47,-0.12258256471288306,-0.1732353788869513,-0.2540910443320441,-0.3111177228999306,1,4,1,1,1,1,2025-12-01 00:00:00,2025-12-01,10
XMR_USDT,405.11,0.16113961420505038,0.3774790665640647,0.9842215610128829,0.1637229060895783,374.47,-0.07563377847991899,-0.12628659265398723,0.01207079558638391,0.07183234183308229,2,5,1,1,1,1,2025-12-01 00:00:00,2025-12-01,10
GOOGLSTOCK_USDT,315.66,0.1237451050195801,0.34008455737859444,0.4845137066689023,0.2554006281274157,314.72,-0.0029778876005828983,-0.05363070177465115,-0.024361654945194187,-0.007856554520686872,3,3,1,1,1,1,2025-12-01 00:00:00,2025-12-01,10
WLFI_USDT,0.1533,0.106060606060606,0.32240005841962033,1.222017289216109,0.08679141203365544,0.1506,-0.0176125244618394,-0.06826533863590765,-0.12850619699934765,-0.06392694063926943,4,8,1,1,0,0,2025-12-01 00:00:00,2025-12-01,10
0G_USDT,1.1617,0.08691991017964071,0.30325936253865504,2.005624943405328,0.04333806799992244,0.9942,-0.14418524576052336,-0.1948380599345916,-0.26108289575621924,-0.15899113368339501,5,11,1,0,0,0,2025-12-01 00:00:00,2025-12-01,10
ICP_USDT,3.709,0.07851119511485898,0.2948506474738733,2.212472197419077,0.035485731846232875,3.394,-0.08492855217039631,-0.13558136634446455,-0.1825289835535185,-0.23564303046643303,6,12,1,0,0,0,2025-12-01 00:00:00,2025-12-01,10
AVGOSTOCK_USDT,389.41,0.060715842231423026,0.2770552945904374,0.6812555440747438,0.08912344678806988,402.41,0.033383837086875014,-0.017268977087193237,-0.12968336714516832,-0.10980714414113671,7,7,1,1,1,0,2025-12-01 00:00:00,2025-12-01,10
PAXG_USDT,4241.14,0.05882646654233795,0.2751659189013523,0.19807588735948975,0.29698953934545935,4201.14,-0.009431426456094351,-0.0600842406301626,0.017125112587653344,0.021935140080261376,8,1,1,1,1,1,2025-12-01 00:00:00,2025-12-01,10
XAUT_USDT,4221.0,0.05464357994153357,0.2709830323005479,0.18949802653904763,0.28835962537200255,4193.4,-0.006538734896943938,-0.05719154907101219,0.019782042170101873,0.0255863539445629,9,2,1,1,1,1,2025-12-01 00:00:00,2025-12-01,10
INTCSTOCK_USDT,40.1,0.05001309243257407,0.26635254479158843,0.6103674239861454,0.0819393212467861,40.6,0.012468827930174562,-0.038183986243893686,-0.06458852867830432,-0.08054862842892778,10,9,1,1,0,0,2025-12-01 00:00:00,2025-12-01,10
BEAT_USDT,1.5912,10.96390977443609,11.077908262735074,5.56329468085628,1.9707584090707504,3.0344,0.9069884364002013,0.9535625603418239,1.350238813474108,-0.6498868778280543,1,1,1,1,1,1,2025-12-08 00:00:00,2025-12-08,11
LUNC_USDT,5.504e-05,0.4545454545454547,0.568543942844439,3.0370081884606273,0.14966882745740992,3.959e-05,-0.2807049418604652,-0.2341308179188427,-0.2892441860465117,-0.21184593023255813,2,10,1,1,0,0,2025-12-08 00:00:00,2025-12-08,11
FARTCOIN_USDT,0.3809,0.2946974847042828,0.40869597300326715,1.6838276195953856,0.1750164216780676,0.3344,-0.12207928590181161,-0.07550516196018911,-0.2302441585718036,0.08742452087161984,3,9,1,1,0,0,2025-12-08 00:00:00,2025-12-08,11
WLFI_USDT,0.1506,0.20963855421686756,0.3236370425158519,1.0048122223256009,0.2086345583373447,0.1336,-0.11288180610889784,-0.06630768216727534,-0.10690571049136788,0.11885790172642761,4,6,1,1,1,0,2025-12-08 00:00:00,2025-12-08,11
BCH_USDT,578.74,0.1685343348072769,0.28253282310626127,0.832081053585182,0.2025455742335607,535.53,-0.07466219718699249,-0.028088073245369986,0.019196875971939063,0.08670560182465346,5,7,1,1,1,0,2025-12-08 00:00:00,2025-12-08,11
AVGOSTOCK_USDT,402.41,0.15356610480449506,0.2675645931034794,0.660549633785001,0.2324823101097631,338.91,-0.157799259461743,-0.1112251355201205,-0.1476106458587014,-0.1477845977982655,6,5,1,1,1,1,2025-12-08 00:00:00,2025-12-08,11
GOOGLSTOCK_USDT,314.72,0.12993214375471246,0.2439306320536968,0.45099919641675823,0.2880983930504503,307.97,-0.021447635993899337,0.025126487947723167,-0.014234875444839914,0.016999237417386775,7,4,1,1,1,1,2025-12-08 00:00:00,2025-12-08,11
INTCSTOCK_USDT,40.6,0.061437908496732065,0.1754363967957164,0.6715823352952885,0.0914823176069966,37.51,-0.07610837438423654,-0.029534250442614034,-0.10221674876847286,0.03866995073891626,8,12,1,0,0,0,2025-12-08 00:00:00,2025-12-08,11
PAXG_USDT,4201.14,0.053669914600654664,0.16766840289963902,0.18569862843124546,0.2890162143579097,4313.77,0.02680938983228364,0.07338351377390614,0.0666652384828879,0.0652608577671775,9,3,1,1,1,1,2025-12-08 00:00:00,2025-12-08,11
XAUT_USDT,4193.4,0.052930246572590704,0.16692873487157506,0.17482904095283938,0.30275431521053064,4304.5,0.026494014403586678,0.07306813834520919,0.06448228168073653,0.06345686078122774,10,2,1,1,1,1,2025-12-08 00:00:00,2025-12-08,11
BEAT_USDT,3.0344,6.139764705882354,6.235722219486372,4.339892504904187,1.4147273691558642,3.7397,0.23243474822040594,0.2070707895352295,-0.20181914052201425,-0.8718362773530187,1,1,1,1,1,1,2025-12-15 00:00:00,2025-12-15,12
FARTCOIN_USDT,0.3344,0.3738701725554641,0.4698276861594825,1.498246609841777,0.24953847390647313,0.2932,-0.12320574162679414,-0.14856970031197056,-0.13516746411483244,0.19617224880382791,2,5,1,1,1,1,2025-12-15 00:00:00,2025-12-15,12
LUNC_USDT,3.959e-05,0.21815384615384623,0.31411135975786464,3.146129409961271,0.06934039186790213,3.912e-05,-0.011871684768881046,-0.03723564345405747,-0.023995958575397727,0.10608739580702199,3,14,1,0,0,0,2025-12-15 00:00:00,2025-12-15,12
TESLA_USDT,473.17,0.1586512561829669,0.2546087697869853,0.45054153752387954,0.35213458242916856,489.82,0.03518819874463718,0.009824240059460757,-0.03193355453642457,-0.07354650548428686,4,4,1,1,1,1,2025-12-15 00:00:00,2025-12-15,12
GRASS_USDT,0.3241,0.15174129353233837,0.24769880713635675,2.0790926481191825,0.07298438271599328,0.3012,-0.07065720456649174,-0.09602116325166817,-0.09626658438753473,0.053070040111076806,5,13,1,0,0,0,2025-12-15 00:00:00,2025-12-15,12
SKY_USDT,0.05824,0.13395638629283482,0.2299138998968532,0.8322421739298088,0.16095842110512015,0.06669,0.1450892857142857,0.11972532702910928,0.05597527472527471,0.024725274725274672,6,8,1,1,0,0,2025-12-15 00:00:00,2025-12-15,12
GOOGLSTOCK_USDT,307.97,0.08451596999683064,0.18047348360084903,0.39001782390912865,0.21669771178591637,310.24,0.007370847809851549,-0.017993110875324875,0.018086177225054366,0.08848264441341688,7,6,1,1,1,0,2025-12-15 00:00:00,2025-12-15,12
AAVE_USDT,192.81,0.08089471913891697,0.17685223274293535,0.7770933696647788,0.10409909837966214,150.29,-0.22052798091385306,-0.2458919395990295,-0.2251439240703283,-0.07504797469010943,8,9,1,1,0,0,2025-12-15 00:00:00,2025-12-15,12
BCH_USDT,535.53,0.066580362477594,0.16253787608161238,0.8114943515729606,0.08204661233752017,589.85,0.101432226019084,0.07606826733390758,0.11799525703508684,0.11467144697776051,9,10,1,1,0,0,2025-12-15 00:00:00,2025-12-15,12
XAUT_USDT,4304.5,0.05688960911412291,0.1528471227181413,0.11876852820250959,0.47899565629980445,4463.8,0.037007782553142105,0.01164382386796568,0.011383435939133464,0.07099546985712635,10,2,1,1,1,1,2025-12-15 00:00:00,2025-12-15,12
BEAT_USDT,3.7397,3.1068526246430923,3.0608965143814895,4.327137125513095,0.7179926437562789,2.422,-0.35235446693585043,-0.33677333543548077,-0.8110008824237238,-0.926036847875498,1,4,1,1,1,1,2025-12-22 00:00:00,2025-12-22,13
SKY_USDT,0.06669,0.5992805755395683,0.5533244652779656,0.7347637869584687,0.8156098411167909,0.0615,-0.07782276203328835,-0.06224163053291867,-0.038986354775828534,-0.037037037037037035,2,2,1,1,1,1,2025-12-22 00:00:00,2025-12-22,13
RIVER_USDT,5.527,0.5873061458931648,0.5413500356315621,2.6993678822916674,0.21757173216218412,4.983,-0.09842590917315007,-0.08284477767278038,1.922923828478379,6.872263434051021,3,14,1,0,0,0,2025-12-22 00:00:00,2025-12-22,13
LUNC_USDT,3.912e-05,0.4618834080717487,0.41592729781014603,3.139158812830822,0.14713604363814672,3.864e-05,-0.01226993865030663,0.003311192850063052,0.1515848670756646,-0.02300613496932502,4,19,1,0,0,0,2025-12-22 00:00:00,2025-12-22,13
FARTCOIN_USDT,0.2932,0.3981878874582738,0.35223177719667115,1.6882887952960093,0.23585294682267863,0.2892,-0.013642564802182821,0.0019385666981868617,0.4669167803547065,0.028990450204638495,5,12,1,0,0,0,2025-12-22 00:00:00,2025-12-22,13
CHZ_USDT,0.036,0.2917115177610333,0.24575540749943064,1.0397071376440248,0.2805708523094795,0.03696,0.026666666666666738,0.04224779816703642,0.26472222222222236,0.4125000000000001,6,9,1,1,0,0,2025-12-22 00:00:00,2025-12-22,13
VVV_USDT,1.274,0.27911646586345384,0.23316035560185117,1.2070990768875876,0.23122912709297588,1.627,0.2770800627943485,0.29266119429471815,0.5243328100470956,1.2331240188383046,7,13,1,0,0,0,2025-12-22 00:00:00,2025-12-22,13
XMR_USDT,464.02,0.25665538253215975,0.21069927227055707,0.6825185389722322,0.37604162799539953,438.55,-0.05488987543640354,-0.03930874393603386,-0.06027757424248949,0.12712814102840397,8,8,1,1,0,0,2025-12-22 00:00:00,2025-12-22,13
PLTRSTOCK_USDT,193.55,0.23705739486130642,0.19110128459970374,0.3865612623234458,0.6132466389323676,183.53,-0.051769568586928494,-0.03618843708655881,-0.11867734435546369,-0.14017049857917863,9,5,1,1,1,1,2025-12-22 00:00:00,2025-12-22,13
TESLA_USDT,489.82,0.23110563751979288,0.1851495272581902,0.39430244720924296,0.5861126126796594,458.06,-0.0648401453595198,-0.04925901385915012,-0.07692621779429179,-0.11532807970274797,10,6,1,1,1,0,2025-12-22 00:00:00,2025-12-22,13
BEAT_USDT,2.422,1.4818116610308436,1.5210745927776623,4.681855735184961,0.31650092289148746,0.7068,-0.7081750619322874,-0.7840913613452549,-0.8380264244426093,-0.8964079273327827,1,2,1,1,1,1,2025-12-29 00:00:00,2025-12-29,14
VVV_USDT,1.627,0.5950980392156863,0.634360970962505,1.2596820205688484,0.472419253032564,1.942,0.1936078672403196,0.11769156782735213,0.8524892440073754,0.9539028887523048,2,1,1,1,1,1,2025-12-29 00:00:00,2025-12-29,14
RIVER_USDT,4.983,0.4368512110726643,0.47611414281948294,2.9522525260213848,0.14797216946119057,16.155,2.2420228777844673,2.1661065783714997,3.17359020670279,9.04976921533213,3,11,1,0,0,0,2025-12-29 00:00:00,2025-12-29,14
LUNC_USDT,3.864e-05,0.40355975299673097,0.44282268474354963,3.1448483729067327,0.12832407326008127,4.505e-05,0.16589026915113855,0.0899739697381711,0.0944616977225673,-0.017857142857142905,4,15,1,0,0,0,2025-12-29 00:00:00,2025-12-29,14
CHZ_USDT,0.03696,0.20587275693311582,0.24513568867993452,1.0843882294807679,0.18985152303957858,0.04553,0.2318722943722944,0.15595599495932694,0.3633658008658008,0.5232683982683983,5,6,1,1,1,0,2025-12-29 00:00:00,2025-12-29,14
ZEC_USDT,540.18,0.1733095853515497,0.21257251709836839,1.5494041556323142,0.11185563477517704,503.14,-0.06856973601392123,-0.1444860354268887,-0.24699174349290973,-0.31348809656040577,6,16,1,0,0,0,2025-12-29 00:00:00,2025-12-29,14
SYRUP_USDT,0.3159,0.16870144284128757,0.20796437458810624,0.9400338278759351,0.17946316168480764,0.3749,0.1867679645457423,0.11085166513277483,0.2314023425134536,0.11997467553023104,7,9,1,1,0,0,2025-12-29 00:00:00,2025-12-29,14
BCH_USDT,598.72,0.1489320872752394,0.1881950190220581,0.71099248359654,0.20947069161950868,644.91,0.07714791555318001,0.0012316161402125547,0.03744655264564397,-0.013111304115446323,8,5,1,1,1,1,2025-12-29 00:00:00,2025-12-29,14
SKY_USDT,0.0615,0.13384955752212396,0.17311248926894263,0.7454938654473066,0.17954481415056633,0.06409,0.042113821138211306,-0.03380247827475615,-0.09414634146341458,0.09626016260162593,9,8,1,1,0,0,2025-12-29 00:00:00,2025-12-29,14
PLTRSTOCK_USDT,183.53,0.09871886973180083,0.1379818014786195,0.38809192438889384,0.2543698117069758,170.58,-0.07056067127989968,-0.14647697069286714,-0.029205034599248152,-0.1335476488857407,10,3,1,1,1,1,2025-12-29 00:00:00,2025-12-29,14
RIVER_USDT,16.155,2.814639905548997,2.7628033090486426,5.375221851949315,0.5236323231064913,20.797,0.28734138037759205,0.31472215638474615,0.841225626740947,-0.13283813060971839,1,2,1,1,1,1,2026-01-05 00:00:00,2026-01-05,15
VVV_USDT,1.942,0.7527075812274366,0.7008709847270824,1.225982288782466,0.6139628509437581,3.014,0.5520082389289391,0.5793890149360933,0.49485066941297634,0.06539649845520083,2,1,1,1,1,1,2026-01-05 00:00:00,2026-01-05,15
PEPE_USDT,7.002e-06,0.552549889135255,0.5007132926349008,1.4147583414670122,0.3905613226936671,5.727e-06,-0.1820908311910882,-0.1547100551839341,-0.24707226506712374,-0.3998857469294488,3,4,1,1,1,1,2026-01-05 00:00:00,2026-01-05,15
ZEC_USDT,503.14,0.47375512595196256,0.42191852945160835,1.2654250675715857,0.37438417974532656,406.76,-0.1915570219024526,-0.1641762458952985,-0.26672496720594663,-0.4995826211392455,4,5,1,1,1,1,2026-01-05 00:00:00,2026-01-05,15
CHZ_USDT,0.04553,0.43356423173803543,0.3817276352376812,1.093412947908444,0.3965237768286786,0.05039,0.10674280694047872,0.13412358294763282,0.25829123654733144,-0.02613661322205147,5,3,1,1,1,1,2026-01-05 00:00:00,2026-01-05,15
RENDER_USDT,2.208,0.38000000000000006,0.32816340349964584,1.1737037574456983,0.32376142411521663,2.37,0.07336956521739127,0.10075034122454539,-0.0606884057971016,-0.3174818840579711,6,7,1,1,1,0,2026-01-05 00:00:00,2026-01-05,15
SYRUP_USDT,0.3749,0.34228428213390627,0.29044768563355206,0.9490226310064458,0.36067030537608064,0.389,0.03761002934115765,0.06499080534831177,-0.0474793278207523,-0.2064550546812484,7,6,1,1,1,0,2026-01-05 00:00:00,2026-01-05,15
1000BONK_USDT,0.012095,0.28930817610062887,0.23747157960027462,1.3169340047209694,0.2196831238797932,0.010204,-0.15634559735427866,-0.12896482134712456,-0.23034311699049195,-0.4246382802811079,8,16,1,0,0,0,2026-01-05 00:00:00,2026-01-05,15
VIRTUAL_USDT,1.092,0.284101599247413,0.23226500274705877,1.2133186762847983,0.23415249826808632,0.9853,-0.09771062271062282,-0.0703298467034687,-0.20137362637362644,-0.4206959706959707,9,15,1,0,0,0,2026-01-05 00:00:00,2026-01-05,15
UAI_USDT,0.1709,0.2687453600593913,0.21690876355903707,1.4692180460416149,0.18291727411288497,0.1588,-0.07080163838502047,-0.043420862377866354,0.19251023990637808,0.15506143943826797,10,19,1,0,0,0,2026-01-05 00:00:00,2026-01-05,15
VVV_USDT,3.014,1.803720930232558,1.7919514501630611,1.6515682567841685,1.0921261793591577,2.903,-0.03682813536828128,-0.05148309238858982,0.14664897146648978,-0.4074319840743198,1,1,1,1,1,1,2026-01-12 00:00:00,2026-01-12,16
RIVER_USDT,20.797,1.4714200831847895,1.4596506031152925,5.5347828571971585,0.265849649597622,29.745,0.4302543636101361,0.4155994065898275,2.736115785930663,-0.2484973794297255,2,12,1,0,0,0,2026-01-12 00:00:00,2026-01-12,16
RENDER_USDT,2.37,0.5260785576303929,0.5143090775608958,1.3352542541835803,0.39399129864750376,2.074,-0.12489451476793259,-0.13954947178824112,-0.1983122362869199,-0.46244725738396625,3,6,1,1,1,0,2026-01-12 00:00:00,2026-01-12,16
XMR_USDT,633.03,0.5256308292965077,0.5138613492270107,0.9499321194040049,0.5533351473853656,623.85,-0.014501682384721024,-0.029156639405029564,-0.26941851097104397,-0.45318547304235185,4,2,1,1,1,1,2026-01-12 00:00:00,2026-01-12,16
CHZ_USDT,0.05039,0.507328746634759,0.495559266565262,1.1713797263301304,0.4331035745549333,0.05729,0.1369319309386784,0.12227697391836985,0.08434213137527295,-0.23060130978368723,5,5,1,1,1,1,2026-01-12 00:00:00,2026-01-12,16
AKE_USDT,0.0005111,0.4784495227075499,0.4666800426380529,1.5139392008642814,0.3160295488976119,0.0004009,-0.21561338289962828,-0.2302683399199368,-0.261592643318333,-0.5840344355312073,6,11,1,0,0,0,2026-01-12 00:00:00,2026-01-12,16
SYRUP_USDT,0.389,0.42962146269753765,0.41785198262804063,0.9368144029573711,0.4585982680681386,0.3571,-0.08200514138817491,-0.09666009840848346,-0.12493573264781499,-0.31413881748071987,7,4,1,1,1,1,2026-01-12 00:00:00,2026-01-12,16
NIGHT_USDT,0.06567,0.3613184079601992,0.3495489278907022,2.4159039766551267,0.1495582653332326,0.06193,-0.05695142378559474,-0.07160638080590329,-0.07674737322978532,-0.25293132328308215,8,24,1,0,0,0,2026-01-12 00:00:00,2026-01-12,16
PEPE_USDT,5.727e-06,0.3081315669255368,0.29636208685603976,1.4090179660298388,0.21868533571204407,5.272e-06,-0.07944822769338235,-0.09410318471369089,-0.12624410686223161,-0.3776846516500786,9,16,1,0,0,0,2026-01-12 00:00:00,2026-01-12,16
MUBARAK_USDT,0.02132,0.28977616454930427,0.27800668447980725,1.12937290356097,0.2565814742284194,0.02057,-0.03517823639774846,-0.049833193418057004,-0.1477485928705441,-0.3344277673545966,10,14,1,0,0,0,2026-01-12 00:00:00,2026-01-12,16
RIVER_USDT,29.745,6.191731141199226,6.143395926464741,5.236868436260122,1.1823346751137813,77.7,1.6122037317196167,1.6585339390752944,-0.4035972432341571,-0.7309463775424441,1,1,1,1,1,1,2026-01-19 00:00:00,2026-01-19,17
VVV_USDT,2.903,1.03006993006993,0.9817347153354454,1.6196488108727958,0.6359835065200624,3.456,0.19049259386841197,0.23682280122408972,-0.2531863589390285,0.2607647261453669,2,3,1,1,1,1,2026-01-19 00:00:00,2026-01-19,17
DASH_USDT,75.41,0.8843078460769613,0.8359726313424767,2.2783151847620595,0.3881411369205775,59.89,-0.20580824824293856,-0.1594780408872608,-0.4158599655218141,-0.5289749370110064,3,10,1,1,0,0,2026-01-19 00:00:00,2026-01-19,17
AXS_USDT,1.644,0.8788571428571428,0.8305219281226581,2.05799335497757,0.4270456659791894,2.449,0.48965936739659366,0.5359895747522714,0.02676399026763993,-0.2208029197080292,4,8,1,1,0,0,2026-01-19 00:00:00,2026-01-19,17
RENDER_USDT,2.074,0.6089992242048099,0.5606640094703252,1.2466495161829094,0.48850877195179293,1.9,-0.08389585342333652,-0.03756564606765876,-0.2343297974927675,-0.3172613307618129,5,6,1,1,1,0,2026-01-19 00:00:00,2026-01-19,17
CHZ_USDT,0.05729,0.5597604138306562,0.5114251990961716,0.8479365601782516,0.6601442137522464,0.05464,-0.046255891080467786,7.431627520997769e-05,-0.19427474253796476,-0.3110490486995986,6,2,1,1,1,1,2026-01-19 00:00:00,2026-01-19,17
ZEN_USDT,11.052,0.4046771733604473,0.35634195862596263,1.0777434419768521,0.3754856282105208,9.182,-0.16920014477017728,-0.12286993741449952,-0.3807455664133188,-0.4640788997466522,7,11,1,0,0,0,2026-01-19 00:00:00,2026-01-19,17
PUMPFUN_USDT,0.002638,0.34112862226741236,0.2927934075329277,1.0893924561779336,0.3131365747328939,0.002707,0.026156178923426858,0.07248638627910461,-0.08908263836239573,-0.23768006065200906,8,16,1,0,0,0,2026-01-19 00:00:00,2026-01-19,17
ZRO_USDT,1.767,0.3196415235250186,0.27130630879053397,0.5757311271092004,0.5551923605902089,2.005,0.1346915676287493,0.18102177498442706,0.013582342954159604,-0.1528013582342953,9,4,1,1,1,1,2026-01-19 00:00:00,2026-01-19,17
XMR_USDT,623.85,0.30898676010826925,0.2606515453737846,1.0597496988808865,0.291565791841757,462.48,-0.2586679490262082,-0.21233774167053043,-0.37977077823194677,-0.47009697844033027,10,18,1,0,0,0,2026-01-19 00:00:00,2026-01-19,17
RIVER_USDT,77.7,18.011499877660878,18.00614863093425,5.489971093607916,3.2808004943108044,17.74,-0.7716859716859717,-0.6629136047550543,-0.8304761904761905,-0.8786615186615186,1,1,1,1,1,1,2026-01-26 00:00:00,2026-01-26,18
AXS_USDT,2.449,1.811710677382319,1.806359430655688,2.5376007463062185,0.7139463053908227,1.688,-0.31073907717435684,-0.20196671024343943,-0.40465496120865657,-0.4356880359330339,2,3,1,1,1,1,2026-01-26 00:00:00,2026-01-26,18
VVV_USDT,3.456,1.4597864768683275,1.4544352301416965,1.7745228977089422,0.8226360329038493,2.168,-0.3726851851851851,-0.2639128182542677,-0.46354166666666663,0.13859953703703706,3,2,1,1,1,1,2026-01-26 00:00:00,2026-01-26,18
ZRO_USDT,2.005,0.5925337569499604,0.5871825102233293,0.8994197575735468,0.6587955756592417,1.791,-0.10673316708229426,0.0020391998486231355,-0.083291770573566,-0.2408977556109725,4,4,1,1,1,1,2026-01-26 00:00:00,2026-01-26,18
CHZ_USDT,0.05464,0.5019241341396371,0.4965728874130061,0.9542656281646078,0.525979475028369,0.04616,-0.1551976573938507,-0.0464252904629333,-0.2655563689604686,-0.35322108345534403,5,5,1,1,1,1,2026-01-26 00:00:00,2026-01-26,18
PUMPFUN_USDT,0.002707,0.4437333333333335,0.43838208660670247,1.3419111339261562,0.33067266685168706,0.002403,-0.11230144070927225,-0.0035290737783548604,-0.2608053195419283,-0.30550424824529004,6,8,1,1,0,0,2026-01-26 00:00:00,2026-01-26,18
RENDER_USDT,1.9,0.4242878560719639,0.4189366093453329,1.3112549826993871,0.32357387515776126,1.588,-0.1642105263157894,-0.055438159384871996,-0.28789473684210526,-0.2173684210526315,7,10,1,1,0,0,2026-01-26 00:00:00,2026-01-26,18
DASH_USDT,59.89,0.34463403682083527,0.33928279009420426,2.3309171117356446,0.14785340717852222,44.05,-0.2644848889630991,-0.15571252203218167,-0.39054934045750545,-0.41960260477542166,8,13,1,0,0,0,2026-01-26 00:00:00,2026-01-26,18
UAI_USDT,0.1746,0.23654390934844202,0.23119266262181104,1.7316104295396584,0.13660342148165872,0.2469,0.41408934707903783,0.5228617140099552,0.39347079037800675,0.32817869415807555,9,15,1,0,0,0,2026-01-26 00:00:00,2026-01-26,18
PEPE_USDT,5.004e-06,0.1934176007631766,0.18806635403654562,1.5132276008699233,0.12781791757696254,4.248e-06,-0.1510791366906475,-0.04230676975973009,-0.2378097521982414,-0.17366107114308546,10,18,1,0,0,0,2026-01-26 00:00:00,2026-01-26,18
AXS_USDT,1.688,0.8468271334792121,0.9781794221741004,2.688992656372902,0.3149235575159475,1.458,-0.1362559241706161,-0.027165685096921896,-0.19312796208530797,-0.27665876777251175,1,3,1,1,1,1,2026-02-02 00:00:00,2026-02-02,19
UAI_USDT,0.2469,0.5587121212121211,0.6900644099070093,1.8282647205366147,0.30559694935650966,0.2433,-0.014580801944107005,0.0945094371295872,-0.011340623734305375,-0.17618469015795873,2,4,1,1,1,1,2026-02-02 00:00:00,2026-02-02,19
RIVER_USDT,17.74,0.4473362160398139,0.5786885047347021,4.393309512608943,0.10182214905550001,13.172,-0.25749718151071016,-0.14840694243701597,-0.2809470124013528,-0.00101465614430649,3,12,1,0,0,0,2026-02-02 00:00:00,2026-02-02,19
ZRO_USDT,1.791,0.34257871064467754,0.4739309993395658,1.070806385326543,0.31992591316142366,1.838,0.02624232272473487,0.1353325617984291,-0.04131769960915681,0.09436069235064212,4,2,1,1,1,1,2026-02-02 00:00:00,2026-02-02,19
HYPE_USDT,33.283,0.3116970126901554,0.4430493013850436,1.3628863980679586,0.2287035905061641,31.329,-0.05870865006159302,0.050381589012101186,-0.06108223417360217,-0.034341856202866346,5,6,1,1,1,0,2026-02-02 00:00:00,2026-02-02,19
INTCSTOCK_USDT,49.03,0.24189463019250265,0.3732469188873909,0.9636844071576588,0.2510102149581929,50.3,0.025902508668162266,0.1349927477418565,-0.04629818478482568,-0.06791760146848864,6,5,1,1,1,1,2026-02-02 00:00:00,2026-02-02,19
VVV_USDT,2.168,0.18018508437670125,0.31153737307158946,1.9138868776253424,0.09414615173090382,1.854,-0.1448339483394834,-0.035743709265789195,0.901291512915129,1.970479704797048,7,13,1,0,0,0,2026-02-02 00:00:00,2026-02-02,19
AMDSTOCK_USDT,250.27,0.11807541100786278,0.24942769970275103,0.5606633081840421,0.21059949756709176,215.43,-0.13920965357413995,-0.030119414500445738,-0.17652934830383188,-0.1981460023174971,8,8,1,1,0,0,2026-02-02 00:00:00,2026-02-02,19
GOOGLSTOCK_USDT,347.23,0.10109402251466622,0.23244631120955445,0.24623413840198718,0.4105605468467826,324.95,-0.06416496270483549,0.04492527636885872,-0.1190565331336579,-0.12513319701638695,9,1,1,1,1,1,2026-02-02 00:00:00,2026-02-02,19
PAXG_USDT,4792.42,0.1004105512592076,0.23176283995409586,0.492627397658374,0.20382656696824658,5034.32,0.050475542627732885,0.1595657817014271,0.042517141652860184,0.08099874384966266,10,9,1,1,0,0,2026-02-02 00:00:00,2026-02-02,19
AXS_USDT,1.458,0.5267015706806283,0.7517438774759121,2.8279838966844197,0.18624631183301393,1.362,-0.06584362139917686,-0.04801890184932346,-0.15775034293552812,-0.22839506172839505,1,8,1,1,0,0,2026-02-09 00:00:00,2026-02-09,20
UAI_USDT,0.2433,0.4586330935251798,0.6836754003204636,1.953558569936911,0.23476802824498427,0.2441,0.003288121660501533,0.02111284121035494,-0.043156596794081306,-0.09617755856966699,2,2,1,1,1,1,2026-02-09 00:00:00,2026-02-09,20
HYPE_USDT,31.329,0.30336564463119364,0.5284079514264775,1.3690273064059655,0.22159210646250974,31.25,-0.00252162533116284,0.015303094218690565,-0.15831976762743785,0.15547894921638106,3,3,1,1,1,1,2026-02-09 00:00:00,2026-02-09,20
ZRO_USDT,1.838,0.2477936184657162,0.47283592526100005,1.2933644293430744,0.191588397549773,1.717,-0.06583242655059847,-0.04800770700074507,-0.18933623503808492,0.14472252448313383,4,7,1,1,1,0,2026-02-09 00:00:00,2026-02-09,20
SKY_USDT,0.06942,0.18201941086327258,0.40706171765855637,0.851239988616608,0.21382854811494617,0.06686,-0.03687698069720532,-0.019052261147351913,-0.09478536444828584,0.14261019878997416,5,4,1,1,1,1,2026-02-09 00:00:00,2026-02-09,20
BR_USDT,0.06052,0.1395217473168895,0.3645640541121733,1.0870010500392147,0.12835474934624588,0.05815,-0.03916060806345005,-0.021335888513596645,-0.15598149372108389,0.05783212161268996,6,9,1,1,0,0,2026-02-09 00:00:00,2026-02-09,20
PAXG_USDT,5034.32,0.11322114853061484,0.33826345532589863,0.5845156623823583,0.19370079506364318,4996.18,-0.007575998347343717,0.010248721202509688,0.04357490187354,0.020705874874859108,7,5,1,1,1,1,2026-02-09 00:00:00,2026-02-09,20
XAUT_USDT,5012.3,0.11273171273171277,0.3377740195269966,0.5864839856694511,0.19221618234474624,4965.7,-0.009297129062506307,0.008527590487347098,0.03994174331145379,0.01639965684416332,8,6,1,1,1,0,2026-02-09 00:00:00,2026-02-09,20
INTCSTOCK_USDT,50.3,0.10671067106710658,0.3317529778623904,0.9461789750979687,0.11278064074088902,46.76,-0.07037773359840953,-0.052553014048556126,-0.1312127236580516,-0.053677932405566516,9,10,1,1,0,0,2026-02-09 00:00:00,2026-02-09,20
AMDSTOCK_USDT,215.43,0.06406203694556949,0.2891043437408533,0.8786631431775018,0.07290852864717018,206.09,-0.04335515016478672,-0.025530430614933316,-0.09385879403982732,-0.06447569976326424,10,12,1,0,0,0,2026-02-09 00:00:00,2026-02-09,20
VVV_USDT,4.122,0.3958686081950559,0.6718404254678587,3.088047810216226,0.12819380803800998,3.745,-0.091460456089277,-0.029959573148619904,0.7445414847161572,0.4160601649684619,1,5,1,1,1,1,2026-02-16 00:00:00,2026-02-16,21
UAI_USDT,0.2441,0.24859335038363173,0.5245651676564345,1.5120323378194407,0.16441007521184212,0.2328,-0.04629250307251128,0.015208379868145813,-0.17697664891437942,0.6739041376485048,2,2,1,1,1,1,2026-02-16 00:00:00,2026-02-16,21
HYPE_USDT,31.25,0.22939533419882763,0.5053671514716304,1.3789752608919235,0.16635203016655595,26.369,-0.156192,-0.09469111705934291,0.04959999999999991,0.3465920000000001,3,1,1,1,1,1,2026-02-16 00:00:00,2026-02-16,21
PAXG_USDT,4996.18,0.08412752143873918,0.3600993387115419,0.5991866611246699,0.14040286090620294,5253.69,0.0515413776124958,0.11304226055315289,0.07233926720014092,-0.03338350499781832,4,3,1,1,1,1,2026-02-16 00:00:00,2026-02-16,21
XAUT_USDT,4965.7,0.07996955197912131,0.35594136925192404,0.6007619158176448,0.1331135510983277,5212.5,0.04970094850675639,0.11120183144741348,0.06949674768914763,-0.030187083392069526,5,4,1,1,1,1,2026-02-16 00:00:00,2026-02-16,21
BR_USDT,0.05815,0.0640439158279964,0.34001573310079913,1.1480644472312465,0.05578425146989722,0.05108,-0.12158211521926053,-0.06008123227860344,-0.05159071367153917,-0.013929492691315533,6,7,1,1,1,0,2026-02-16 00:00:00,2026-02-16,21
MONAD_USDT,0.0235,0.061906913691821046,0.3378787309646238,1.3977563146734526,0.04429020498203501,0.0205,-0.12765957446808507,-0.06615869152742798,-0.09829787234042552,-0.02085106382978727,7,9,1,1,0,0,2026-02-16 00:00:00,2026-02-16,21
SKY_USDT,0.06686,0.043546121429686294,0.319517938702489,0.8116260045031325,0.05365294013262266,0.06284,-0.06012563565659602,0.0013752472840610763,0.05862997307807348,0.07672749027819317,8,8,1,1,0,0,2026-02-16 00:00:00,2026-02-16,21
METASTOCK_USDT,640.1,0.03074024572873228,0.30671206300153503,0.43328785196198716,0.07094647493470266,639.02,-0.001687236369317358,0.05981364657133974,0.02079362599593805,-0.03721293547883151,9,6,1,1,1,0,2026-02-16 00:00:00,2026-02-16,21
ASTER_USDT,0.7286,0.015470383275261321,0.2914422005480641,1.325716458995374,0.011669451012914748,0.7016,-0.03705737029920399,0.024443512641453106,-0.0476255833104585,-0.051605819379632274,10,10,1,1,0,0,2026-02-16 00:00:00,2026-02-16,21
UAI_USDT,0.2328,0.35506402793946445,0.6304027503311926,1.5661767300447729,0.22670751079880627,0.2009,-0.13702749140893475,-0.20164564700623488,0.1529209621993128,0.03908934707903779,1,2,1,1,1,1,2026-02-23 00:00:00,2026-02-23,22
VVV_USDT,3.745,0.2491661107404936,0.5245048331322217,3.157736358636069,0.0789065591429288,7.191,0.9201602136181575,0.8555420580208574,0.37409879839786375,0.7575433911882509,2,4,1,1,1,1,2026-02-23 00:00:00,2026-02-23,22
HYPE_USDT,26.369,0.13659482758620692,0.4119335499779351,1.3645119508381258,0.10010526291272577,32.8,0.2438848648033675,0.17926670920606735,0.314498084872388,0.5279305244795024,3,3,1,1,1,1,2026-02-23 00:00:00,2026-02-23,22
AAPLSTOCK_USDT,267.72,0.07873317753243622,0.35407189992416443,0.31493278575377787,0.2499999399681167,265.07,-0.00989840131480664,-0.07451655691210679,-0.031077244882713465,-0.05856865381742131,4,1,1,1,1,1,2026-02-23 00:00:00,2026-02-23,22
MONAD_USDT,0.0205,0.07273678702250144,0.3480755094142296,1.3592439120296473,0.05351268185111057,0.02119,0.033658536585365835,-0.030959619011934315,0.034146341463414595,0.2878048780487804,5,9,1,1,0,0,2026-02-23 00:00:00,2026-02-23,22
ASTER_USDT,0.7016,0.064481869215597,0.3398205916073252,1.2213374844045424,0.05279611085304144,0.6939,-0.010974914481185918,-0.07559307007848606,-0.001425313568985178,-0.05416191562143676,6,10,1,1,0,0,2026-02-23 00:00:00,2026-02-23,22
XAUT_USDT,5212.5,0.03785043007327182,0.313189152465,0.5991506163729846,0.06317348098947641,5310.8,0.018858513189448475,-0.04575964240785167,-0.020968824940047995,-0.13797601918465224,7,6,1,1,1,0,2026-02-23 00:00:00,2026-02-23,22
PAXG_USDT,5253.69,0.03703871852824181,0.31237744091997,0.5968900027425367,0.062052837806060794,5357.6,0.0197784795067849,-0.04483967609051525,-0.021329770123475023,-0.14366854534622334,8,7,1,1,1,0,2026-02-23 00:00:00,2026-02-23,22
AVGOSTOCK_USDT,330.88,0.03387076615423064,0.3092094885459588,0.46708130622851696,0.07251578194752148,318.16,-0.038442940038684634,-0.10306109563598478,0.03910783365570599,-0.03469535783365576,9,5,1,1,1,1,2026-02-23 00:00:00,2026-02-23,22
NVIDIA_USDT,191.81,0.024243071501041234,0.2995817938927694,0.4305671767545914,0.0563049689104819,181.83,-0.05203065533600954,-0.1166488109333097,-0.05077941713153646,-0.07220687138313954,10,8,1,1,0,0,2026-02-23 00:00:00,2026-02-23,22
VVV_USDT,7.191,2.0691421254801536,2.1949000785874437,3.1145510659060363,0.6643468293489776,5.146,-0.2843832568488388,-0.2784560863387649,-0.15102211097204832,-0.047003198442497576,1,1,1,1,1,1,2026-03-02 00:00:00,2026-03-02,23
CRCLSTOCK_USDT,95.59,0.49359375000000005,0.6193517031072902,1.5071589531553014,0.32749946445040884,111.79,0.16947379432995086,0.17540096484002476,0.3372737734072601,-0.048540642326603205,2,2,1,1,1,1,2026-03-02 00:00:00,2026-03-02,23
BEAT_USDT,0.2696,0.43940202883075286,0.565159981938043,2.65544965906224,0.16547179771652146,0.3514,0.3034124629080118,0.30933963341808574,0.7299703264094954,0.5560089020771513,3,12,1,0,0,0,2026-03-02 00:00:00,2026-03-02,23
GRASS_USDT,0.3048,0.3773158608224131,0.5030738139297032,1.7099861667704088,0.22065433519560942,0.3258,0.06889763779527547,0.07482480830534938,0.5196850393700787,-0.06725721784776909,4,9,1,1,0,0,2026-03-02 00:00:00,2026-03-02,23
NIGHT_USDT,0.05989,0.30223961730811033,0.42799757041540043,1.2124079935900103,0.24928870389014948,0.05579,-0.06845884120888295,-0.06253167069880904,-0.1339121723159125,-0.19853063950576053,5,7,1,1,1,0,2026-03-02 00:00:00,2026-03-02,23
ASTER_USDT,0.6939,0.263934426229508,0.3896923793367981,1.0658347280386806,0.2476316630395341,0.7006,0.00965556996685407,0.015582740476927977,0.07537109093529329,-0.03847816688283607,6,8,1,1,0,0,2026-03-02 00:00:00,2026-03-02,23
LUNC_USDT,4.229e-05,0.2372732592159158,0.3630312123232059,0.9290833022649972,0.2553842681678501,4.209e-05,-0.004729250413809526,0.001197920096264381,0.00685741310002362,-0.12461574840387803,7,6,1,1,1,0,2026-03-02 00:00:00,2026-03-02,23
VIRTUAL_USDT,0.7645,0.17543050430504303,0.30118845741233313,1.3592524678453637,0.12906395865010195,0.6584,-0.13878351863963373,-0.13285634812955982,0.04669718770438204,-0.135251798561151,8,14,1,0,0,0,2026-03-02 00:00:00,2026-03-02,23
MONAD_USDT,0.02119,0.1726618705035972,0.29841982361088726,1.1072964939365382,0.1559310188816446,0.0212,0.0004719207173194711,0.0063990912273933775,0.1675318546484191,0.12458706937234544,9,13,1,0,0,0,2026-03-02 00:00:00,2026-03-02,23
SKY_USDT,0.07078,0.16299704239237592,0.288754995499666,0.8414558197529853,0.19370837846272754,0.07529,0.06371856456626167,0.06964573507633558,0.0659790901384573,0.08392201186775927,10,11,1,0,0,0,2026-03-02 00:00:00,2026-03-02,23
VVV_USDT,5.146,1.70415133998949,1.7165722473135223,3.035907091252993,0.5613318486917678,6.105,0.18635833657209494,0.09201818977559229,0.12475709288767982,0.3107267780800622,1,3,1,1,1,1,2026-03-09 00:00:00,2026-03-09,24
CRCLSTOCK_USDT,111.79,0.9677873613800387,0.9802082687040711,1.3427664905754204,0.7207413710222315,127.83,0.14348331693353603,0.04914317013703337,0.13042311476876284,-0.1667412111995706,2,1,1,1,1,1,2026-03-09 00:00:00,2026-03-09,24
BEAT_USDT,0.3514,0.8465580662112454,0.8589789735352777,2.400919121249903,0.3525974943173149,0.4664,0.3272623790552077,0.23292223225870506,1.0939100739897554,-0.04923164484917468,3,6,1,1,1,0,2026-03-09 00:00:00,2026-03-09,24
GRASS_USDT,0.3258,0.7413148049171566,0.753735712241189,1.6202333867778604,0.4575358161156035,0.4632,0.42173112338858204,0.3273909765920794,0.02885205647636593,-0.07305095150399014,4,4,1,1,1,1,2026-03-09 00:00:00,2026-03-09,24
USOIL_USDT,87.78,0.38482654171991104,0.3972474490439433,1.0992044769071772,0.3500955007049229,93.867,0.06934381408065622,-0.024996332715846434,0.01941216678058776,0.08612440191387562,5,7,1,1,1,0,2026-03-09 00:00:00,2026-03-09,24
UKOIL_USDT,89.529,0.31852255489609876,0.33094346222013105,0.519483212586143,0.6131527394511905,97.426,0.08820605613823461,-0.006134090658268046,0.08393928224374227,0.06786627796579887,6,2,1,1,1,1,2026-03-09 00:00:00,2026-03-09,24
CVX_USDT,2.303,0.2981961668545659,0.3106170741785982,0.8870957941455578,0.33614877764332723,2.126,-0.0768562744246635,-0.17119642122116616,-0.20842379504993486,-0.23404255319148934,7,8,1,1,0,0,2026-03-09 00:00:00,2026-03-09,24
PHA_USDT,0.03592,0.2697066101095794,0.2821275174336117,2.1923726459340815,0.12302042292389044,0.03112,-0.13363028953229406,-0.2279704363287967,0.0773942093541202,0.0008351893095769,8,20,1,0,0,0,2026-03-09 00:00:00,2026-03-09,24
ASTER_USDT,0.7006,0.24595411701938463,0.2583750243434169,0.6209197914923047,0.3961125420535622,0.7462,0.06508706822723376,-0.029253078569268898,-0.05238367113902363,-0.05238367113902363,9,5,1,1,1,1,2026-03-09 00:00:00,2026-03-09,24
UAI_USDT,0.2684,0.21944570649704698,0.23186661382107926,2.743161068424743,0.07999738295464488,0.4109,0.5309239940387479,0.43658384724224525,-0.10842026825633387,-0.23174366616989578,10,29,1,0,0,0,2026-03-09 00:00:00,2026-03-09,24
GRASS_USDT,0.4632,1.1267217630853996,1.0543499203629163,1.8041846900384426,0.6245046692317249,0.3352,-0.2763385146804836,-0.22315886518545175,-0.3946459412780657,-0.23553540587219338,1,3,1,1,1,1,2026-03-16 00:00:00,2026-03-16,25
CRCLSTOCK_USDT,127.83,1.1230692575984056,1.0506974148759223,1.3774488449424873,0.8153255648817196,126.37,-0.011421419072205223,0.041758230422826635,-0.2999295939920207,-0.16475005867167333,2,1,1,1,1,1,2026-03-16 00:00:00,2026-03-16,25
VVV_USDT,6.105,0.9337979094076656,0.8614260666851823,2.265338690949014,0.4122111687486658,5.788,-0.05192465192465195,0.0012549975703799107,0.023095823095823097,0.4113022113022112,3,7,1,1,1,0,2026-03-16 00:00:00,2026-03-16,25
UAI_USDT,0.4109,0.6874743326488706,0.6151024899263873,3.286425396357821,0.20918604554686182,0.2393,-0.4176198588464346,-0.36444020935140276,-0.5212947189097104,-0.37357021173034793,4,15,1,0,0,0,2026-03-16 00:00:00,2026-03-16,25
USOIL_USDT,93.867,0.4967948717948718,0.4244230290723885,1.1542588648816343,0.43040160826126,89.484,-0.04669372622966548,0.006485923265366379,0.12723321295023807,-0.06519863210713035,5,5,1,1,1,1,2026-03-16 00:00:00,2026-03-16,25
RIVER_USDT,21.428,0.46907993966817496,0.39670809694569165,2.304513857201095,0.20354832677720905,23.218,0.08353556094829191,0.13671521044332377,-0.23795967892477132,-0.6526507373529961,6,17,1,0,0,0,2026-03-16 00:00:00,2026-03-16,25
TAO_USDT,279.96,0.46652697747511773,0.3941551347526344,0.9176581710913989,0.508388626802356,293.01,0.046613801971710285,0.09979345146674215,0.11237319617088169,-0.13780540077153874,7,4,1,1,1,1,2026-03-16 00:00:00,2026-03-16,25
UKOIL_USDT,97.426,0.4425787728026534,0.3702069300801701,0.5852362950868847,0.7562394480966833,97.044,-0.003920924599183021,0.049258724895848836,0.12146654897050072,-0.07197257405620676,8,2,1,1,1,1,2026-03-16 00:00:00,2026-03-16,25
NEAR_USDT,1.491,0.37546125461254615,0.30308941189006283,1.1749673106381746,0.31955038341332,1.309,-0.12206572769953061,-0.06888607820449875,-0.22132796780684108,-0.054996646545942364,9,9,1,1,0,0,2026-03-16 00:00:00,2026-03-16,25
BEAT_USDT,0.4664,0.3609571053399474,0.2885852626174641,2.1868528264950022,0.1650577949127352,0.7358,0.5776157804459692,0.630795429941001,0.18567753001715281,-0.16809605488850765,10,22,1,0,0,0,2026-03-16 00:00:00,2026-03-16,25
BEAT_USDT,0.7358,2.020525451559934,1.9773398093838264,1.6128968623359317,1.2527307224304725,0.553,-0.2484370752921989,-0.1905588262023673,-0.547431367219353,-0.23321554770318018,1,1,1,1,1,1,2026-03-23 00:00:00,2026-03-23,26
RIVER_USDT,23.218,1.8964570858283434,1.8532714436522357,2.2376291873411427,0.8475296517211611,16.329,-0.2967094495649927,-0.2388312004751611,-0.4519338444310449,-0.7155655095184771,2,2,1,1,1,1,2026-03-23 00:00:00,2026-03-23,26
BR_USDT,0.10374,1.0587418138519549,1.0155561716758472,2.7882136823358405,0.37972047141128307,0.12424,0.19760940813572397,0.25548765722555555,0.27732793522267196,0.03942548679390781,3,8,1,1,0,0,2026-03-23 00:00:00,2026-03-23,26
CRCLSTOCK_USDT,126.37,0.9844535175879398,0.9412678754118321,1.393446158903586,0.7064883786845008,89.49,-0.29184141805808345,-0.23396316896825187,-0.27332436496003804,-0.17923557806441406,4,3,1,1,1,1,2026-03-23 00:00:00,2026-03-23,26
GRASS_USDT,0.3352,0.7810839532412327,0.737898311065125,1.913935206100448,0.40810365510369295,0.2804,-0.1634844868735084,-0.1056062377836768,-0.10411694510739852,0.2422434367541766,5,7,1,1,1,0,2026-03-23 00:00:00,2026-03-23,26
TAO_USDT,293.01,0.6108301264431005,0.5676444842669929,0.9444417613180695,0.646763147778029,311.42,0.06283062011535451,0.1207088692051861,0.06723320023207395,-0.16214463670181903,6,4,1,1,1,1,2026-03-23 00:00:00,2026-03-23,26
PHA_USDT,0.0387,0.5517241379310344,0.5085384957549267,2.364100273132583,0.233375946105689,0.03744,-0.03255813953488365,0.025320109554947942,-0.09483204134366925,-0.17416020671834614,7,14,1,0,0,0,2026-03-23 00:00:00,2026-03-23,26
FET_USDT,0.2268,0.37704918032786877,0.3338635381517611,1.2131181537675222,0.310809939787716,0.2291,0.010141093474426792,0.06801934256425839,-0.0022045855379188733,-0.08950617283950622,8,9,1,1,0,0,2026-03-23 00:00:00,2026-03-23,26
UKOIL_USDT,97.044,0.3526992932911445,0.30951365111503687,0.7226079812774115,0.488092163980323,109.26,0.12588104365030303,0.18375929274013464,0.13367132434771864,-0.010995012571616928,9,5,1,1,1,1,2026-03-23 00:00:00,2026-03-23,26
USOIL_USDT,89.484,0.34675817229546674,0.3035725301193591,1.2206592220066823,0.28407451157860375,105.81,0.18244602387018918,0.2403242729600208,0.2655893791068795,0.03657637119485059,10,11,1,0,0,0,2026-03-23 00:00:00,2026-03-23,26
BEAT_USDT,0.553,1.3333333333333337,1.3359118773373972,1.8434337970635901,0.723287885606309,0.333,-0.39783001808318263,-0.42857394748268307,-0.30271247739602175,0.03345388788426756,1,1,1,1,1,1,2026-03-30 00:00:00,2026-03-30,27
BR_USDT,0.12424,1.1758318739054292,1.1784104179094927,3.540903302574325,0.3320711619124335,0.13251,0.06656471345782346,0.035820784058323035,-0.03155183515775923,-0.2953155183515776,2,7,1,1,1,0,2026-03-30 00:00:00,2026-03-30,27
TAO_USDT,311.42,0.7024928930680081,0.7050714370720718,1.026550567668029,0.6843237100962606,312.71,0.00414231584355521,-0.026601613555945213,-0.16289897887097815,-0.18470233125682362,3,2,1,1,1,1,2026-03-30 00:00:00,2026-03-30,27
PHA_USDT,0.03744,0.6075568913696865,0.6101354353737501,2.3796605030328495,0.2553124240182002,0.03503,-0.06436965811965818,-0.0951135875191586,0.07719017094017085,-0.17094017094017092,4,9,1,1,0,0,2026-03-30 00:00:00,2026-03-30,27
USOIL_USDT,105.81,0.5781702114965843,0.580748755500648,1.237934078603485,0.467044426266073,113.25,0.07031471505528776,0.03957078565578734,-0.13252055571307064,0.018712787071165332,5,5,1,1,1,1,2026-03-30 00:00:00,2026-03-30,27
UKOIL_USDT,109.26,0.4987243148336123,0.5013028588376759,0.7425156865096229,0.6716683888228521,110.016,0.006919275123558486,-0.023824654275941937,-0.15161083653670154,0.022688998718652747,6,3,1,1,1,1,2026-03-30 00:00:00,2026-03-30,27
FET_USDT,0.2291,0.4620293554562858,0.4646078994603494,1.2214657183372226,0.37825814390046486,0.2263,-0.012221737232649485,-0.04296566663214991,0.03928415539065914,-0.13356612832824089,7,6,1,1,1,0,2026-03-30 00:00:00,2026-03-30,27
RIVER_USDT,16.329,0.27950164551010814,0.28208018951417174,2.5454750338308596,0.10980333407138823,12.725,-0.22071161736787315,-0.2514555467673736,-0.4997856574193154,-0.5950762447179864,8,15,1,0,0,0,2026-03-30 00:00:00,2026-03-30,27
CHZ_USDT,0.04268,0.2328134026574236,0.2353919466614872,0.7837031727224638,0.29706834265920573,0.03742,-0.12324273664479851,-0.15398666604429895,-0.1307403936269916,-0.007029053420806036,9,8,1,1,0,0,2026-03-30 00:00:00,2026-03-30,27
RENDER_USDT,1.681,0.19644128113879006,0.19901982514285366,0.8174645997016595,0.2403055511033541,1.861,0.10707911957168348,0.07633519017218306,0.1409875074360499,0.019631171921475263,10,10,1,1,0,0,2026-03-30 00:00:00,2026-03-30,27
BR_USDT,0.13251,1.1113766730401529,1.0878046346418853,3.842827544915731,0.2892080531978502,0.12032,-0.0919930571277639,-0.1729032973300395,-0.24171760621839855,0.22051165949739662,1,7,1,1,1,0,2026-04-06 00:00:00,2026-04-06,28
TAO_USDT,312.71,0.7800990493539022,0.7565270109556347,0.992039969538553,0.7863584868629486,260.69,-0.16635221131399694,-0.24726245151627255,-0.21959643119823477,-0.012247769498896692,2,1,1,1,1,1,2026-04-06 00:00:00,2026-04-06,28
FET_USDT,0.2263,0.5847338935574229,0.5611618551591554,1.20550252168407,0.48505406089118575,0.2381,0.05214317277949627,-0.02876706742277934,-0.06849315068493157,-0.00220945647370747,3,2,1,1,1,1,2026-04-06 00:00:00,2026-04-06,28
ALGO_USDT,0.1184,0.42650602409638555,0.402933985698118,0.9256974691302219,0.46074018598876293,0.109,-0.07939189189189194,-0.16030213209416755,-0.12837837837837843,0.011824324324324311,4,3,1,1,1,1,2026-04-06 00:00:00,2026-04-06,28
BTW_USDT,0.01859,0.3956456456456455,0.372073607247378,2.8393133215768795,0.13934553916223463,0.015097,-0.18789671866594942,-0.26880695886822503,-0.1738569123184507,-0.24104357181280253,5,22,1,0,0,0,2026-04-06 00:00:00,2026-04-06,28
RENDER_USDT,1.861,0.36938925680647533,0.3458172184082078,0.8062358268987622,0.45816527185024114,1.918,0.030628694250402978,-0.05028154595187263,-0.039226222461042425,0.05265986029016662,6,4,1,1,1,1,2026-04-06 00:00:00,2026-04-06,28
ZEC_USDT,251.08,0.2740004059265273,0.25042836752825975,1.1457070078874154,0.23915399315900174,367.84,0.46503106579576214,0.38412082559348654,0.24279114226541343,1.2062290903297754,7,11,1,0,0,0,2026-04-06 00:00:00,2026-04-06,28
XPL_USDT,0.1199,0.26343519494204437,0.23986315654377682,1.2144034697620996,0.21692559474788972,0.1398,0.16597164303586323,0.08506140283358762,-0.12927439532944118,-0.16597164303586323,8,15,1,0,0,0,2026-04-06 00:00:00,2026-04-06,28
MONAD_USDT,0.02706,0.24930747922437685,0.2257354408261093,1.083355297126764,0.23012531519952983,0.03601,0.33074648928307465,0.24983624908079904,0.1770140428677015,0.19401330376940124,9,13,1,0,0,0,2026-04-06 00:00:00,2026-04-06,28
USOIL_USDT,113.25,0.2408103340601067,0.21723829566183916,1.2238286488902619,0.1967680150962863,91.788,-0.18950993377483447,-0.27042017397711005,-0.23832229580573946,-0.15408388520971306,10,16,1,0,0,0,2026-04-06 00:00:00,2026-04-06,28
AKE_USDT,0.0005314,1.4936649460347253,1.4485560304695781,3.25572108516929,0.45878160535273804,0.0005188,-0.02371095220173124,-0.04264622140923276,-0.42115167482122695,-0.41324802408731653,1,6,1,1,1,0,2026-04-13 00:00:00,2026-04-13,29
BR_USDT,0.12032,1.0564006152794394,1.0112916997142922,3.9580432317345116,0.2668997162056006,0.10048,-0.16489361702127658,-0.1838288862287781,-0.08020279255319142,0.17328789893617016,2,11,1,0,0,0,2026-04-13 00:00:00,2026-04-13,29
ZEC_USDT,367.84,0.7264620294752651,0.681353113910118,1.4993018997182679,0.48453352164215474,312.04,-0.15169638973466712,-0.17063165894216864,-0.03572205306655064,0.4253751631143975,3,5,1,1,1,1,2026-04-13 00:00:00,2026-04-13,29
MONAD_USDT,0.03601,0.6242670275146596,0.5791581119495125,1.224609868153145,0.5097680851258591,0.03185,-0.11552346570397104,-0.13445873491147256,-0.1502360455429048,-0.16162177173007494,4,4,1,1,1,1,2026-04-13 00:00:00,2026-04-13,29
MRVLSTOCK_USDT,132.85,0.5160333219217164,0.47092440635656924,0.8345530358884989,0.6183349646225017,153.78,0.1575461046292812,0.13861083542177968,0.18404215280391434,0.37418140760255936,5,1,1,1,1,1,2026-04-13 00:00:00,2026-04-13,29
INTCSTOCK_USDT,65.77,0.4404292597459483,0.3953203441808012,0.7466037432623817,0.5899103289000879,65.93,0.0024327200851453675,-0.016502549122356144,0.2902539151588871,0.8259084689067966,6,2,1,1,1,1,2026-04-13 00:00:00,2026-04-13,29
VVV_USDT,9.033,0.3709212323569584,0.3258123167918113,1.0788311513496274,0.343817688146039,9.485,0.05003874681722573,0.031103477609724213,-0.00830288940551304,0.5899479685597255,7,8,1,1,0,0,2026-04-13 00:00:00,2026-04-13,29
FET_USDT,0.2381,0.3331466965285554,0.28803778096340826,1.2326266858190738,0.2702737985160375,0.2108,-0.11465770684586316,-0.13359297605336468,-0.13523729525409495,-0.10163796724065519,8,10,1,1,0,0,2026-04-13 00:00:00,2026-04-13,29
AMDSTOCK_USDT,247.27,0.28072719738954793,0.23561828182440084,0.5023266851090727,0.5588538409592797,273.91,0.10773648238767344,0.08880121318017192,0.3558458365349617,0.8057184454240304,9,3,1,1,1,1,2026-04-13 00:00:00,2026-04-13,29
XPL_USDT,0.1398,0.2697547683923706,0.22464585282722352,1.3331114908397417,0.2023497436230552,0.1044,-0.2532188841201717,-0.2721541533276732,-0.2982832618025751,-0.3261802575107296,10,16,1,0,0,0,2026-04-13 00:00:00,2026-04-13,29
AKE_USDT,0.0005188,1.4254324450677889,1.325084600802138,3.6930479262093154,0.38597723981635595,0.0003076,-0.40709329221279883,-0.4273931860031635,-0.3475327679259831,-0.38974556669236704,1,15,1,0,0,0,2026-04-20 00:00:00,2026-04-20,30
ORDI_USDT,4.847,1.0581740976645437,0.9578262533988928,5.626663578926049,0.18806422008733556,4.393,-0.09366618526923882,-0.11396607905960351,0.039199504848359705,-0.12667629461522606,2,34,1,0,0,0,2026-04-20 00:00:00,2026-04-20,30
MRVLSTOCK_USDT,153.78,0.7439328645951462,0.6435850203294953,0.8771325037648771,0.848141941385134,157.3,0.02288984263233197,0.0025899488419672823,0.06158148003641565,0.2314995448042658,3,1,1,1,1,1,2026-04-20 00:00:00,2026-04-20,30
VVV_USDT,9.485,0.5986853193999663,0.49833747513431537,0.9911046563386889,0.6040586284919827,8.958,-0.05556141275698464,-0.07586130654734932,-0.03352662098049548,0.688033737480232,4,4,1,1,1,1,2026-04-20 00:00:00,2026-04-20,30
INTCSTOCK_USDT,65.93,0.49602904470161124,0.39568120043596033,0.7508803269543157,0.6605966715276456,84.86,0.28712270590019706,0.2668228121098324,0.4556347641437887,0.7741544061883814,5,2,1,1,1,1,2026-04-20 00:00:00,2026-04-20,30
MONAD_USDT,0.03185,0.4918032786885247,0.3914554344228738,1.2530743149308232,0.39247734378441473,0.0306,-0.03924646781789653,-0.05954636160826121,-0.07535321821036114,-0.15478806907378345,6,14,1,0,0,0,2026-04-20 00:00:00,2026-04-20,30
BR_USDT,0.10048,0.47374596655910817,0.37339812229345726,4.698642319506475,0.10082613962598208,0.11067,0.1014132165605096,0.08111332277014491,1.0871815286624202,0.25686703821656065,7,60,1,0,0,0,2026-04-20 00:00:00,2026-04-20,30
ZEC_USDT,312.04,0.42004186766178214,0.31969402339613123,1.2893044520019614,0.32578951155374053,354.7,0.13671324189206502,0.11641334810170033,0.35386488911677977,1.157704140494808,8,17,1,0,0,0,2026-04-20 00:00:00,2026-04-20,30
SOONNETWORK_USDT,0.1715,0.354660347551343,0.2543125032856921,1.9707251623701045,0.17996438789303762,0.1689,-0.015160349854227515,-0.0354602436445922,-0.03381924198250744,-0.10145772594752202,9,38,1,0,0,0,2026-04-20 00:00:00,2026-04-20,30
AMDSTOCK_USDT,273.91,0.34414564726666025,0.24379780300100934,0.5470614387362002,0.6290804339302218,335.26,0.22397867912818065,0.20367878533781597,0.2547917199079988,0.6065861049249752,10,3,1,1,1,1,2026-04-20 00:00:00,2026-04-20,30
ORDI_USDT,4.393,1.001366742596811,0.8355802085505273,5.643915194309842,0.1774241299030117,5.037,0.1465968586387435,0.11434634429864411,0.11586615069428645,-0.09333029820168444,1,67,1,0,0,0,2026-04-27 00:00:00,2026-04-27,31
INTCSTOCK_USDT,84.86,0.9725708972570896,0.8067843632108059,0.8936506937894936,1.0883121380826526,95.97,0.13092151779401368,0.09867100345391429,0.5167334433184069,0.41091209050200334,2,2,1,1,1,1,2026-04-27 00:00:00,2026-04-27,31
LUNC_USDT,6.745e-05,0.8576149820985952,0.6918284480523116,1.0768108368129239,0.7964397764020553,0.00010199,0.5120830244625649,0.4798325101224655,0.5003706449221644,0.3129725722757599,3,7,1,1,1,0,2026-04-27 00:00:00,2026-04-27,31
UAI_USDT,0.3689,0.8334990059642148,0.6677124719179311,2.308448910917773,0.3610645234651693,0.3359,-0.08945513689346714,-0.12170565123356653,-0.24857685009487668,-0.2900515044727568,4,31,1,0,0,0,2026-04-27 00:00:00,2026-04-27,31
SNDKSTOCK_USDT,1076.98,0.7443796566245546,0.578593122578271,1.0920656592281837,0.6816253677921199,1242.31,0.1535126000482831,0.12126208570818371,0.42582034949581227,0.4458392913517429,5,11,1,0,0,0,2026-04-27 00:00:00,2026-04-27,31
AMDSTOCK_USDT,335.26,0.6715361220521514,0.5057495880058678,0.5777447696433863,1.1623404612847608,343.7,0.0251744914394798,-0.007076022900619587,0.36825150629362297,0.4634015391039791,6,1,1,1,1,1,2026-04-27 00:00:00,2026-04-27,31
APE_USDT,0.1436,0.6697674418604653,0.5039809078141817,2.855650510919592,0.23454111044029094,0.1614,0.12395543175487453,0.09170491741477514,0.08286908077994425,-0.08286908077994425,7,51,1,0,0,0,2026-04-27 00:00:00,2026-04-27,31
MRVLSTOCK_USDT,157.3,0.665255134448444,0.49946860040216035,0.9018435445927244,0.7376613587103685,163.25,0.037825810553083206,0.0055752962129838185,0.08302606484424667,0.24666242848061018,8,10,1,1,0,0,2026-04-27 00:00:00,2026-04-27,31
ZEC_USDT,354.7,0.6617474818458656,0.495960947799582,1.2560293532745042,0.5268567013347827,422.46,0.1910346771919932,0.15878416285189384,0.5690724555962785,0.5277699464336059,9,22,1,0,0,0,2026-04-27 00:00:00,2026-04-27,31
PENGU_USDT,0.01032,0.6213668499607226,0.4555803159144389,1.0113583459743207,0.6143884137942335,0.010091,-0.02218992248062016,-0.05444043682071954,-0.009689922480620098,-0.21017441860465108,10,14,1,0,0,0,2026-04-27 00:00:00,2026-04-27,31
LUNC_USDT,0.00010199,1.7759934676102347,1.58936939445009,1.6466744948141343,1.0785334158046196,0.0001012,-0.007745857437003736,-0.03120810850526329,-0.21747230120600067,-0.31277576232964016,1,1,1,1,1,1,2026-05-04 00:00:00,2026-05-04,32
ORDI_USDT,5.037,1.0059737156511348,0.81934964249099,5.692592783796426,0.17671626161536969,4.902,-0.02680166765932098,-0.050263918727580535,-0.1667659321024419,-0.2930315664085765,2,63,1,0,0,0,2026-05-04 00:00:00,2026-05-04,32
INTCSTOCK_USDT,95.97,0.9121338912133892,0.7255098180532443,0.9954562544681235,0.9162973130353641,128.71,0.3411482755027614,0.31768602443450183,0.1271230592893613,0.15286026883401066,3,5,1,1,1,1,2026-05-04 00:00:00,2026-05-04,32
APE_USDT,0.1614,0.8789289871944119,0.6923049140342671,2.908324580200532,0.3022114495672312,0.1555,-0.036555142503097826,-0.06001739357135738,-0.11400247831474598,-0.08674101610904576,4,40,1,0,0,0,2026-05-04 00:00:00,2026-05-04,32
SNDKSTOCK_USDT,1242.31,0.800710247862009,0.6140861747018641,1.0304223512939013,0.7770699527786419,1535.58,0.23606829213320346,0.2126060410649439,0.0635670645813042,0.4361632764768859,5,10,1,1,0,0,2026-05-04 00:00:00,2026-05-04,32
PENDLE_USDT,1.8898,0.7911098474078287,0.6044857742476839,1.2693339394379177,0.6232480065554266,2.1497,0.13752778071753638,0.11406552964927683,-0.028415705365647085,-0.2891840406392211,6,15,1,0,0,0,2026-05-04 00:00:00,2026-05-04,32
ZEC_USDT,422.46,0.683040516314091,0.4964164431539462,1.2668973163375365,0.5391443390918906,556.55,0.3174028310372579,0.29394057996899836,0.33319130805283353,0.4699143114140985,7,19,1,0,0,0,2026-05-04 00:00:00,2026-05-04,32
BEAT_USDT,0.5606,0.6689490919916643,0.48232501883151946,1.6660916561524846,0.40150797798031856,0.5765,0.028362468783446355,0.0049002177151868005,0.1154120585087406,1.3189439885836605,8,28,1,0,0,0,2026-05-04 00:00:00,2026-05-04,32
UAI_USDT,0.3359,0.6563116370808677,0.46968756392072286,2.317421296994934,0.2832077352235977,0.2772,-0.17475439118785346,-0.19821664225611302,-0.2917534980649002,-0.15212860970526937,9,44,1,0,0,0,2026-05-04 00:00:00,2026-05-04,32
NBISSTOCK_USDT,175.92,0.6231777080642185,0.4365536349040736,0.9750318678450993,0.6391357335237591,188.35,0.07065711687130519,0.04719486580304563,0.14085948158253753,0.3698840381991816,10,14,1,0,0,0,2026-05-04 00:00:00,2026-05-04,32
LUNC_USDT,0.0001012,1.4291886701872298,1.3102296845763692,1.8398841823080867,0.7767818669946659,7.981e-05,-0.21136363636363634,-0.15339597458075044,-0.19752964426877462,-0.3273715415019762,1,7,1,1,1,0,2026-05-11 00:00:00,2026-05-11,33
INTCSTOCK_USDT,128.71,1.06199935917975,0.9430403735688895,1.2326644484738887,0.8615478125410106,108.17,-0.15958355994095258,-0.1016158981580667,-0.041488617823012996,-0.18351332452800873,2,4,1,1,1,1,2026-05-11 00:00:00,2026-05-11,33
VVV_USDT,17.234,1.054601812112542,0.9356428265016814,1.392930890176032,0.7571099324096879,15.018,-0.12858303353835446,-0.07061537175546857,0.008181501682720102,-0.24892654055935942,3,8,1,1,0,0,2026-05-11 00:00:00,2026-05-11,33
ORDI_USDT,4.902,1.0450563204005008,0.9260973347896402,5.707079900695566,0.18311576823606965,4.197,-0.14381884944920442,-0.08585118766631854,-0.1693186454508364,-0.3567931456548348,4,94,1,0,0,0,2026-05-11 00:00:00,2026-05-11,33
PENDLE_USDT,2.1497,0.9098258706467665,0.7908668850359059,1.314260091311888,0.6922723109841848,1.8361,-0.1458808205796158,-0.08791315879672991,-0.10699167325673359,-0.4546215751035028,5,11,1,0,0,0,2026-05-11 00:00:00,2026-05-11,33
AMDSTOCK_USDT,458.72,0.866308637454738,0.7473496518438774,1.0004753198447662,0.865897059398881,422.92,-0.07804325078479249,-0.020075589001906605,0.04346878269968608,-0.03760463899546564,6,3,1,1,1,1,2026-05-11 00:00:00,2026-05-11,33
BEAT_USDT,0.5765,0.8436200831467863,0.7246610975359257,1.5701757386184316,0.537277492192735,0.6253,0.08464874241110139,0.14261640419398727,0.7061578490893322,11.055507372072853,7,18,1,0,0,0,2026-05-11 00:00:00,2026-05-11,33
SNDKSTOCK_USDT,1535.58,0.7902001702087972,0.6712411845979366,1.2878755312594545,0.6135687424979922,1321.28,-0.13955638911681578,-0.0815887273339299,0.002429049609919391,0.05213013975175516,8,14,1,0,0,0,2026-05-11 00:00:00,2026-05-11,33
APE_USDT,0.1555,0.7610419026047565,0.6420829169938959,2.895387606344771,0.2628462942015283,0.143,-0.08038585209003223,-0.02241819030714634,-0.12347266881028936,-0.2501607717041801,9,75,1,0,0,0,2026-05-11 00:00:00,2026-05-11,33
JTO_USDT,0.5185,0.7117860680092438,0.5928270823983832,1.6469057402576686,0.4321959967774965,0.4191,-0.19170684667309545,-0.13373918489020958,-0.01967213114754096,0.10028929604628746,10,31,1,0,0,0,2026-05-11 00:00:00,2026-05-11,33
LUNC_USDT,7.981e-05,0.8761165961448046,0.8588114737386893,1.990603826099829,0.4401260485173343,8.121e-05,0.017541661445934182,0.013404613951745484,0.008520235559453707,-0.09610324520736749,1,11,1,0,0,0,2026-05-18 00:00:00,2026-05-18,34
VVV_USDT,15.018,0.7456701150761363,0.728364992670021,1.4894460366155104,0.5006358718242208,17.375,0.15694499933413233,0.15280795183994364,0.23005726461579426,0.04807564256225859,2,9,1,1,0,0,2026-05-18 00:00:00,2026-05-18,34
ZEC_USDT,563.22,0.7442551873645094,0.726950064958394,1.1987472547386269,0.6208608064981852,651.9,0.15745179503568757,0.15331474754149887,-0.0334860267746174,-0.15303078725897526,3,2,1,1,1,1,2026-05-18 00:00:00,2026-05-18,34
INJ_USDT,5.14,0.6062499999999998,0.5889448775938845,0.824903511191349,0.7349344399376315,5.669,0.10291828793774319,0.09878124044355449,0.359727626459144,0.05894941634241244,4,1,1,1,1,1,2026-05-18 00:00:00,2026-05-18,34
INTCSTOCK_USDT,108.17,0.5883994126284877,0.5710942902223723,1.3186825451838098,0.4462024728980327,123.37,0.1405195525561616,0.13638250506197291,0.005454377368956304,0.15124341314597392,5,10,1,1,0,0,2026-05-18 00:00:00,2026-05-18,34
AMDSTOCK_USDT,422.92,0.5383943836164562,0.5210892612103408,1.0330158608150926,0.5211869478863961,478.66,0.13179797597654405,0.12766092848235536,0.19902109145937755,0.23309372931050784,6,4,1,1,1,1,2026-05-18 00:00:00,2026-05-18,34
ONDO_USDT,0.3864,0.49825513765025203,0.48095001524413666,1.2766716122739026,0.39027666383432846,0.4272,0.10559006211180125,0.10145301461761255,-0.07789855072463772,-0.05590062111801244,7,13,1,0,0,0,2026-05-18 00:00:00,2026-05-18,34
SNDKSTOCK_USDT,1321.28,0.4570316376829173,0.43972651527680195,1.207496659200805,0.3784951570676881,1539.31,0.16501422862678614,0.16087718113259744,0.3306944780818601,0.52215276095907,8,14,1,0,0,0,2026-05-18 00:00:00,2026-05-18,34
USELESS_USDT,0.06059,0.4166471826046293,0.3993420601985139,1.5481492814383788,0.26912597357376555,0.08214,0.35566925235187336,0.35153220485768466,0.34824228420531445,0.22610991912856904,9,22,1,0,0,0,2026-05-18 00:00:00,2026-05-18,34
APE_USDT,0.143,0.3541666666666666,0.3368615442605512,2.8884222329227804,0.12261596058561253,0.1363,-0.046853146853146746,-0.05099019434733544,0.03006993006993006,-0.0769230769230768,10,38,1,0,0,0,2026-05-18 00:00:00,2026-05-18,34
NIL_USDT,0.08488,1.034028277018931,1.0379529541514034,4.382044807916199,0.2359693527439406,0.06669,-0.21430254476908575,-0.13808896195819317,-0.5407634307257304,-0.5850612629594721,1,36,1,0,0,0,2026-05-25 00:00:00,2026-05-25,35
USELESS_USDT,0.08214,1.012248897599216,1.0161735747316885,1.7488647947236484,0.5788034047304208,0.08169,-0.005478451424397442,0.07073513138649513,-0.16130995860725586,-0.11042123204285376,2,6,1,1,1,0,2026-05-25 00:00:00,2026-05-25,35
NEAR_USDT,2.77,0.9771591720199857,0.981083849152458,1.155269346987425,0.8458280093452718,2.637,-0.048014440433213,0.02819914237767958,-0.23176895306859202,-0.29133574007220214,3,3,1,1,1,1,2026-05-25 00:00:00,2026-05-25,35
VVV_USDT,17.375,0.9043182814555019,0.9082429585879742,1.578384683048679,0.5729390884032114,18.473,0.06319424460431648,0.13940782741520907,-0.049841726618705014,-0.23838848920863306,4,7,1,1,1,0,2026-05-25 00:00:00,2026-05-25,35
ZEC_USDT,651.9,0.8223750419322373,0.8262997190647097,1.383461297800407,0.5944329944319714,544.36,-0.16496395152630766,-0.08875036871541508,-0.29659456971928205,-0.36076085289154775,5,5,1,1,1,1,2026-05-25 00:00:00,2026-05-25,35
BEAT_USDT,0.9836,0.7430444798865852,0.7469691570190575,2.611061441059902,0.2845756397003676,1.1571,0.17639284261895077,0.25260642542984335,3.3415006100040663,0.7324115494103293,6,32,1,0,0,0,2026-05-25 00:00:00,2026-05-25,35
GRASS_USDT,0.5993,0.6624133148404995,0.6663379919729718,1.7102626838579884,0.3873167093526452,0.5066,-0.1546804605372935,-0.07846687772640093,-0.41515100951109635,-0.24328383113632576,7,17,1,0,0,0,2026-05-25 00:00:00,2026-05-25,35
ONDO_USDT,0.4272,0.6374089689536221,0.6413336460860944,1.3966639524041338,0.4563796236427699,0.3563,-0.16596441947565546,-0.08975083666476288,-0.14676966292134838,-0.2645131086142323,8,12,1,0,0,0,2026-05-25 00:00:00,2026-05-25,35
INJ_USDT,5.669,0.6005081874647091,0.6044328645971815,0.9712125898813079,0.6183076637609253,6.989,0.23284529899453174,0.3090588818054243,-0.0028223672605397804,-0.24907391074263538,9,4,1,1,1,1,2026-05-25 00:00:00,2026-05-25,35
LUNC_USDT,8.121e-05,0.5759751601009121,0.5798998372333845,1.9441909419219316,0.2962544201196264,8.049e-05,-0.008865903213889997,0.06734767959700258,-0.11759635512867875,-0.2521856914173131,10,30,1,0,0,0,2026-05-25 00:00:00,2026-05-25,35
NEAR_USDT,2.637,1.0315870570107857,1.1239078741707378,1.2951412854089435,0.7965054227153758,2.128,-0.1930223739097459,-0.07629015331236463,-0.09328782707622298,-0.3155100492984452,1,1,1,1,1,1,2026-06-01 00:00:00,2026-06-01,36
USELESS_USDT,0.08169,0.9919531821506951,1.0842739993106472,1.8435716865759526,0.538060542681169,0.06889,-0.15668992532745737,-0.03995770473007612,-0.08458807687599461,-0.02705349491981887,2,8,1,1,0,0,2026-06-01 00:00:00,2026-06-01,36
VVV_USDT,18.473,0.9859170070952483,1.0782378242552004,1.576153333029019,0.6255209987727104,16.509,-0.10631732799220477,0.010414892605176487,-0.1850809289232934,-0.28019271369025056,3,5,1,1,1,1,2026-06-01 00:00:00,2026-06-01,36
BEAT_USDT,1.1571,0.970202622169249,1.0625234393292011,2.7420685440448875,0.3538214331936725,4.2703,2.690519401953159,2.80725162255054,2.4470659407138537,1.4984875983061101,4,17,1,0,0,0,2026-06-01 00:00:00,2026-06-01,36
INJ_USDT,6.989,0.8411485774499474,0.9334693946098994,1.0974596657891003,0.76645056184834,5.653,-0.1911575332665618,-0.07442531266918054,-0.202317928172843,-0.35784804693089134,5,3,1,1,1,1,2026-06-01 00:00:00,2026-06-01,36
WLD_USDT,0.4377,0.8027182866556837,0.8950391038156357,1.590182968542775,0.5047961791411244,0.4969,0.13525245602010516,0.2519846766174864,0.3417866118345901,-0.17477724468814249,6,11,1,0,0,0,2026-06-01 00:00:00,2026-06-01,36
HYPE_USDT,73.599,0.7841749290926282,0.8764957462525802,1.0111995769590416,0.7754897717133746,63.818,-0.13289582738895916,-0.01616360679157791,-0.09146863408470222,-0.15255642060354083,7,2,1,1,1,1,2026-06-01 00:00:00,2026-06-01,36
NBISSTOCK_USDT,268.42,0.7324125467923068,0.8247333639522588,1.2238415520956172,0.5984537340950525,220.48,-0.17860070039490358,-0.06186847979752233,-0.033380523060874884,-0.1414946725281276,8,6,1,1,1,0,2026-06-01 00:00:00,2026-06-01,36
NIL_USDT,0.06669,0.5882352941176471,0.6805561112775991,4.432625608537945,0.13270583759309876,0.03898,-0.41550457339931024,-0.298772352801929,-0.38491527965212174,-0.4775828460038986,9,41,1,0,0,0,2026-06-01 00:00:00,2026-06-01,36
GRASS_USDT,0.5066,0.5356168535919976,0.6279376707519496,1.7782282824120867,0.30120815133221107,0.3505,-0.3081326490327676,-0.19140042843538635,-0.08665613896565347,-0.07797078562968818,10,24,1,0,0,0,2026-06-01 00:00:00,2026-06-01,36
BEAT_USDT,4.2703,7.727365624361331,7.945338462088391,3.397411170628463,2.274486435779836,3.9886,-0.06596726225323744,-0.11715831048034289,-0.6068191930309345,-0.4496873755942205,1,2,1,1,1,1,2026-06-08 00:00:00,2026-06-08,37
BTW_USDT,0.060431,3.204773170052881,3.422746007779941,1.0,3.204773170052881,0.09075,0.5017126971256475,0.450521648898542,0.5589680792970496,0.09496781453227661,2,1,1,1,1,1,2026-06-08 00:00:00,2026-06-08,37
WLD_USDT,0.4969,0.8369685767097966,1.0549414144368567,2.3590781682958,0.35478628387902184,0.5873,0.18192795331052533,0.1307369050834199,0.2455222378748239,-0.21815254578385992,3,5,1,1,1,1,2026-06-08 00:00:00,2026-06-08,37
MRVLSTOCK_USDT,287.61,0.6809468147282293,0.8989196524552894,1.828040168424795,0.37250101310136674,305.25,0.06133305517888803,0.010142006951782578,0.056221967247313924,-0.18312993289524013,4,4,1,1,1,1,2026-06-08 00:00:00,2026-06-08,37
HYPE_USDT,63.818,0.487252388720578,0.7052252264476382,1.2599897934657336,0.3867113775424636,66.867,0.047776489391707776,-0.0034145588353976727,0.03870381397097996,0.059246607540192515,5,3,1,1,1,1,2026-06-08 00:00:00,2026-06-08,37
LIT_USDT,1.4666,0.3941064638783268,0.6120793016053869,1.7626577784907773,0.22358648893023841,1.6878,0.15082503750170467,0.09963398927459922,0.09886813036956227,0.586458475385245,6,8,1,1,0,0,2026-06-08 00:00:00,2026-06-08,37
NEAR_USDT,2.128,0.3588761174968072,0.5768489552238674,1.5748488423249873,0.22787972270849166,2.391,0.12359022556390972,0.07239917733680427,-0.028665413533834557,-0.11184210526315799,7,7,1,1,1,0,2026-06-08 00:00:00,2026-06-08,37
USELESS_USDT,0.06889,0.3521099116781159,0.570082749405176,2.094635110375671,0.16810083528818787,0.07478,0.08549862098998391,0.03430757276287846,0.017709391784003464,0.17157787777616484,8,11,1,0,0,0,2026-06-08 00:00:00,2026-06-08,37
INJ_USDT,5.653,0.3453117563065206,0.5632845940335808,1.2897364449776998,0.26773823260650065,5.575,-0.01379798337166096,-0.06498903159876641,-0.14806297541128602,-0.16203785600566062,9,6,1,1,1,0,2026-06-08 00:00:00,2026-06-08,37
XLM_USDT,0.20245,0.2467668432072915,0.46473968093435164,1.5963550826556006,0.15458142482735418,0.21354,0.05477895776735005,0.0035879095402445993,0.0017288219313411556,-0.10516176833786123,10,13,1,0,0,0,2026-06-08 00:00:00,2026-06-08,37
BEAT_USDT,3.9886,5.563435905874609,5.714750431854006,4.149015274525964,1.340905139596105,1.679,-0.5790502933360075,-0.5444169851965692,-0.30527001955573385,-0.3488943488943489,1,1,1,1,1,1,2026-06-15 00:00:00,2026-06-15,38
WLD_USDT,0.5873,1.4491242702251876,1.6004387962045845,2.429030612490173,0.5965854290899969,0.6189,0.053805550825812974,0.08843885896525133,-0.28401157840967145,-0.30853056359611786,2,2,1,1,1,1,2026-06-15 00:00:00,2026-06-15,38
LIT_USDT,1.6878,0.9240766073871409,1.0753911333665378,1.807459845408908,0.5112570604178949,1.6116,-0.045147529328119475,-0.010514221188681117,0.10155231662519255,0.4287830311648301,3,4,1,1,1,1,2026-06-15 00:00:00,2026-06-15,38
MRVLSTOCK_USDT,305.25,0.6991372112440857,0.8504517372234824,1.893869451956658,0.36915808031106345,303.78,-0.004815724815724905,0.029817583323713454,-0.09359541359541357,-0.32910728910728915,4,8,1,1,0,0,2026-06-15 00:00:00,2026-06-15,38
JTO_USDT,0.7292,0.6591581342434584,0.8104726602228551,1.9978473211669199,0.32993418829345356,0.6553,-0.10134393856280852,-0.06671063042337017,0.012616566099835417,-0.15455293472298398,5,10,1,1,0,0,2026-06-15 00:00:00,2026-06-15,38
HYPE_USDT,66.867,0.5996889952153113,0.751003521194708,1.2806372569068587,0.4682738940953105,66.288,-0.008658979765803874,0.025974328373634482,0.0010917193832532233,0.00017946072053479973,6,5,1,1,1,1,2026-06-15 00:00:00,2026-06-15,38
NEAR_USDT,2.391,0.597194388777555,0.7485089147569518,1.6259189271488208,0.3672965353966223,2.067,-0.13550815558343782,-0.10087484744399947,-0.21999163529903806,-0.13550815558343782,7,9,1,1,0,0,2026-06-15 00:00:00,2026-06-15,38
GRASS_USDT,0.4627,0.5280713342140025,0.6793858601933993,2.074314426449944,0.2545763204847217,0.4156,-0.10179381888912897,-0.06716051074969062,0.021396153014912513,-0.17052085584612064,8,13,1,0,0,0,2026-06-15 00:00:00,2026-06-15,38
SNDKSTOCK_USDT,2103.76,0.5132786649402965,0.6645931909196933,0.9867887545606724,0.5201505008727151,2265.4,0.0768338593755941,0.11146716751503247,-0.020506141384949005,-0.2483363121268587,9,3,1,1,1,1,2026-06-15 00:00:00,2026-06-15,38
UAI_USDT,0.3275,0.43263342082239725,0.5839479468017941,1.685477480630871,0.25668300276575834,0.3345,0.021374045801526735,0.05600735394096509,-0.08061068702290086,0.16183206106870227,10,12,1,0,0,0,2026-06-15 00:00:00,2026-06-15,38
WLD_USDT,0.6189,1.0664440734557596,1.2323173293424678,2.469171924005419,0.43190353133685605,0.4205,-0.3205687510098562,-0.2617644340988293,-0.33785748909355307,-0.3787364679269672,1,3,1,1,1,1,2026-06-22 00:00:00,2026-06-22,39
MRVLSTOCK_USDT,303.78,0.5329262754200939,0.6987995313068021,1.9180052434786854,0.2778544413431976,276.68,-0.08920929620119813,-0.03040497929017122,-0.19017051813812624,-0.29198762262163397,2,6,1,1,1,0,2026-06-22 00:00:00,2026-06-22,39
SNDKSTOCK_USDT,2265.4,0.49954988349925866,0.6654231393859669,0.9449637961908185,0.5286444681933439,2060.62,-0.09039463229451761,-0.03159031538349069,-0.2535843559636267,-0.2841749801359583,3,1,1,1,1,1,2026-06-22 00:00:00,2026-06-22,39
DRAM_USDT,80.54,0.48324125230202597,0.6491145081887342,1.0511224137347586,0.45973831971198703,71.79,-0.10864166873603177,-0.04983735182500486,-0.2267196424137075,-0.26657561460144036,4,2,1,1,1,1,2026-06-22 00:00:00,2026-06-22,39
SKHYNIXSTOCK_USDT,1931.2,0.48268714011516317,0.6485603960018714,1.1913031824214653,0.40517573295997095,1715.2,-0.11184755592377796,-0.05304323901275104,-0.2216342170671085,-0.32697804473902237,5,4,1,1,1,1,2026-06-22 00:00:00,2026-06-22,39
XLM_USDT,0.2028,0.3702702702702704,0.5361435261569787,1.6754968052237857,0.22099133171478394,0.17491,-0.13752465483234713,-0.07872033792132022,-0.014053254437869917,-0.07603550295857996,6,7,1,1,1,0,2026-06-22 00:00:00,2026-06-22,39
BEAT_USDT,1.679,0.3302170812866424,0.49609033717335066,4.07389477192886,0.0810568509432302,2.771,0.6503871351995234,0.7091914521105503,0.5342465753424658,0.5670041691483024,7,21,1,0,0,0,2026-06-22 00:00:00,2026-06-22,39
JTO_USDT,0.6553,0.32330371567043625,0.4891769715571445,1.8695852019180015,0.17292804593166441,0.7384,0.12681214710819463,0.18561646401922155,0.20814893941706084,-0.03937128032962009,8,13,1,0,0,0,2026-06-22 00:00:00,2026-06-22,39
LIT_USDT,1.6116,0.31301939058171735,0.4788926464684256,1.4950009637104678,0.2093773838144086,1.8592,0.15363613799950362,0.21244045491053054,0.5995904690990321,0.43044179697195334,9,8,1,1,0,0,2026-06-22 00:00:00,2026-06-22,39
NBISSTOCK_USDT,281.44,0.31103554292635216,0.4769087988130604,1.1062695729943912,0.2811570981604943,263.57,-0.0634948834565094,-0.004690566545482486,-0.25657333712336555,-0.19442865264354747,10,5,1,1,1,1,2026-06-22 00:00:00,2026-06-22,39
BEAT_USDT,2.771,1.3427460263780857,1.52728667186957,4.364907656241408,0.3076230088070901,2.576,-0.07037170696499453,-0.1334045840821822,-0.04619271021291957,0.4330566582461206,1,1,1,1,1,1,2026-06-29 00:00:00,2026-06-29,40
JTO_USDT,0.7384,0.4243827160493827,0.6089233615408668,1.8930164278950259,0.224183324452859,0.7917,0.07218309859154932,0.009150221474361675,-0.12933369447453943,-0.2623239436619718,2,3,1,1,1,1,2026-06-29 00:00:00,2026-06-29,40
LIT_USDT,1.8592,0.3602575358501609,0.544798181341645,1.5130167483575434,0.23810545140444664,2.5779,0.3865641135972462,0.32353123648005855,0.23956540447504315,0.17281626506024092,3,2,1,1,1,1,2026-06-29 00:00:00,2026-06-29,40
MRVLSTOCK_USDT,276.68,0.34775196064104447,0.5322926061325286,1.9329718326197778,0.17990534304358302,246.01,-0.11085007951424034,-0.173882956631428,-0.22531444267746134,-0.40924533757409287,4,5,1,1,1,1,2026-06-29 00:00:00,2026-06-29,40
BR_USDT,0.14333,0.2662779397473276,0.4508185852388117,3.0633407045872802,0.08692403667296383,0.14519,0.012977045977813441,-0.05005583113937421,-0.04514058466475967,0.0346752250052325,5,13,1,0,0,0,2026-06-29 00:00:00,2026-06-29,40
WLD_USDT,0.4205,0.22238372093023262,0.4069243664217167,2.315530781773296,0.09604006246892781,0.4098,-0.02544589774078475,-0.0884787748579724,-0.06730083234244945,-0.2620689655172413,6,12,1,0,0,0,2026-06-29 00:00:00,2026-06-29,40
SNDKSTOCK_USDT,2060.62,0.21706209283507866,0.4016027383265628,1.144574036292453,0.1896444318606023,1690.93,-0.17940716871621154,-0.24244004583339918,-0.20576331395405267,-0.5093952305616756,7,4,1,1,1,1,2026-06-29 00:00:00,2026-06-29,40
JUP_USDT,0.2175,0.176948051948052,0.3614886974395361,1.0256682365885796,0.17251977358350246,0.2371,0.09011494252873566,0.027082065411548006,-0.047816091954022956,-0.09241379310344831,8,6,1,1,1,0,2026-06-29 00:00:00,2026-06-29,40
XPL_USDT,0.10492,0.15423542354235428,0.3387760690338384,1.826491593025806,0.08444354418672384,0.10921,0.040888295844452936,-0.022144581272734713,-0.1467784979031643,-0.26515440335493706,9,14,1,0,0,0,2026-06-29 00:00:00,2026-06-29,40
NBISSTOCK_USDT,263.57,0.13749946053256218,0.3220401060240463,1.1158057345691732,0.12322885272287337,209.23,-0.20616913912812537,-0.26920201624531304,-0.21880335394771783,-0.4272489281784725,10,10,1,1,0,0,2026-06-29 00:00:00,2026-06-29,40
AERO_USDT,0.5823,0.829406220546654,0.7772482841195829,1.1621374947014376,0.7136902684305312,0.4834,-0.16984372316675259,-0.1430301731633164,-0.2598317018718874,-0.2728833934398077,1,1,1,1,1,1,2026-07-06 00:00:00,2026-07-06,41
LIT_USDT,2.5779,0.8121045972163643,0.7599466607892931,1.2084254339098222,0.6720353398958392,2.3046,-0.10601652507855226,-0.07920297507511607,-0.15380736258194658,-0.15159626052213043,2,2,1,1,1,1,2026-07-06 00:00:00,2026-07-06,41
XPL_USDT,0.10921,0.6652942970417811,0.61313636061471,1.7203504646334704,0.3867202123745905,0.08952,-0.18029484479443272,-0.15348129479099654,-0.22186612947532278,-0.3141653694716602,3,15,1,0,0,0,2026-07-06 00:00:00,2026-07-06,41
GRASS_USDT,0.5466,0.6306682577565632,0.578510321329492,1.0141139600265567,0.6218909142519327,0.3619,-0.33790706183680935,-0.3110935118333732,-0.32949140139041344,-0.4206000731796561,4,5,1,1,1,1,2026-07-06 00:00:00,2026-07-06,41
JTO_USDT,0.7917,0.5837167433486696,0.5315588069215984,1.7440033802438086,0.3346993187978036,0.6429,-0.18794998105342925,-0.16113643104999306,-0.22028546166477203,-0.3454591385625868,5,19,1,0,0,0,2026-07-06 00:00:00,2026-07-06,41
JUP_USDT,0.2371,0.5557742782152231,0.5036163417881518,0.870268348449372,0.6386240281006329,0.2071,-0.12652889076339097,-0.09971534075995478,-0.172501054407423,-0.20539856600590464,6,3,1,1,1,1,2026-07-06 00:00:00,2026-07-06,41
AAVE_USDT,94.19,0.5463799047775407,0.49422196835046955,0.8689704902120508,0.6287669269922046,94.48,0.0030788831086103223,0.02989243311204651,-0.04650175177832037,-0.04682025692748696,7,4,1,1,1,1,2026-07-06 00:00:00,2026-07-06,41
FARTCOIN_USDT,0.16218,0.5307220386974987,0.4785641022704275,1.0108517462047355,0.5250246049335187,0.13856,-0.14564064619558517,-0.11882709619214898,-0.147552102602047,-0.17542237020594403,8,8,1,1,0,0,2026-07-06 00:00:00,2026-07-06,41
USELESS_USDT,0.09803,0.513976833976834,0.46181889754976285,1.0709098382772602,0.4799440770883689,0.08271,-0.1562786901968785,-0.12946514019344232,-0.35703356115474855,-0.5229011527083546,9,10,1,1,0,0,2026-07-06 00:00:00,2026-07-06,41
ETHFI_USDT,0.4352,0.5132127955493739,0.46105485912230276,0.9664448570337101,0.5310316380849371,0.3798,-0.12729779411764694,-0.10048424411421075,0.04986213235294117,-0.14659926470588228,10,6,1,1,1,0,2026-07-06 00:00:00,2026-07-06,41
SYRUP_USDT,0.1893,0.44835501147666396,0.48112991049588516,0.9991805664044766,0.4487227099402633,0.1884,-0.0047543581616480935,-0.05158705245393354,-0.1172741679873217,-0.21553090332805072,1,2,1,1,1,1,2026-07-13 00:00:00,2026-07-13,42
LIT_USDT,2.3046,0.41403853233525606,0.44681343135447726,1.2444441638633528,0.3327096099272799,2.1814,-0.05345830078972498,-0.10029099508201042,-0.07576152043738622,0.013277792241603635,2,5,1,1,1,1,2026-07-13 00:00:00,2026-07-13,42
AAVE_USDT,94.48,0.4097284392718593,0.4425033382910805,0.8881808575889231,0.46131194538927345,89.81,-0.04942845046570704,-0.0962611447579925,0.03651566469093991,-0.06879762912785775,3,1,1,1,1,1,2026-07-13 00:00:00,2026-07-13,42
UNI_USDT,3.551,0.39091265178221707,0.4236875508014383,0.8793020945616721,0.4445715007389868,3.631,0.022528865108420056,-0.02430382918386539,0.04336806533370879,0.005913827090960266,4,3,1,1,1,1,2026-07-13 00:00:00,2026-07-13,42
UAI_USDT,0.3581,0.3482680722891565,0.3810429713083777,1.6491999057094442,0.21117395840460007,0.3223,-0.09997207483943032,-0.14680476913171578,-0.11868193242111139,-0.2638927673834124,5,17,1,0,0,0,2026-07-13 00:00:00,2026-07-13,42
AERO_USDT,0.4834,0.3427777777777778,0.375552676796999,1.203840046958987,0.2847369786739249,0.431,-0.10839884153909807,-0.15523153583138352,-0.091228796028134,-0.15080678527099714,6,10,1,1,0,0,2026-07-13 00:00:00,2026-07-13,42
EIGEN_USDT,0.243,0.2676056338028168,0.300380532822038,1.2329111837660598,0.21705183416812446,0.2349,-0.03333333333333332,-0.08016602762561877,-0.18518518518518512,-0.31399176954732516,7,16,1,0,0,0,2026-07-13 00:00:00,2026-07-13,42
PYTH_USDT,0.0473,0.24440936595632726,0.2771842649755485,0.8104419013217464,0.30157543132668857,0.04757,0.005708245243128952,-0.04112444904915649,-0.06553911205073992,-0.15158562367864697,8,7,1,1,1,0,2026-07-13 00:00:00,2026-07-13,42
MUBARAK_USDT,0.01332,0.24022346368715092,0.2729983627063721,0.6035788444346102,0.3979984817264018,0.01128,-0.15315315315315317,-0.19998584744543862,-0.20720720720720723,0.3971471471471472,9,4,1,1,1,1,2026-07-13 00:00:00,2026-07-13,42
USELESS_USDT,0.08271,0.21257880076235153,0.24535369978157273,1.0808837256701593,0.1966712937883771,0.06303,-0.23793978962640552,-0.284772483918691,-0.31374682626042805,-0.5918268649498247,10,19,1,0,0,0,2026-07-13 00:00:00,2026-07-13,42
AKE_USDT,0.0016936,2.9303782780227428,2.9155206461571757,9.494848681363433,0.30862822319375277,0.0040255,1.3768894662257916,1.399905216345761,1.613545111006141,4.099787435049599,1,7,1,1,1,0,2026-07-20 00:00:00,2026-07-20,43
PUMPFUN_USDT,0.002027,0.4314971751412431,0.4166395432756759,1.2482530359255948,0.3456808537391481,0.002117,0.044400592007893334,0.06741634212786292,0.051800690675875706,0.48051307350764677,2,4,1,1,1,1,2026-07-20 00:00:00,2026-07-20,43
LIT_USDT,2.1814,0.4018379281537176,0.38698029628815045,1.3243848471382818,0.30341477329796185,2.13,-0.023562849546163066,-0.0005470994261934786,-0.0796736041074539,0.19203263958925454,3,8,1,1,0,0,2026-07-20 00:00:00,2026-07-20,43
LDO_USDT,0.3827,0.3850886717336229,0.3702310398680557,0.7792361201559895,0.49418739939382533,0.3882,0.014371570420695074,0.03738732054066466,-0.1397961850013065,-0.1442383067677031,4,1,1,1,1,1,2026-07-20 00:00:00,2026-07-20,43
SYRUP_USDT,0.1884,0.3731778425655979,0.35832021070003073,0.9664168517947076,0.3861458353841606,0.1671,-0.11305732484076439,-0.0900415747207948,-0.1597664543524417,-0.12845010615711253,5,3,1,1,1,1,2026-07-20 00:00:00,2026-07-20,43
BEAT_USDT,2.372,0.36951501154734406,0.3546573796817769,2.5369185306950017,0.14565505635142076,2.62,0.10455311973018559,0.12756886985015517,0.29005059021922436,-0.9292158516020236,6,24,1,0,0,0,2026-07-20 00:00:00,2026-07-20,43
ETHFI_USDT,0.4569,0.3235805330243336,0.30872290115876644,1.0449388414418874,0.3096645661844019,0.4127,-0.09673889253666003,-0.07372314241669044,-0.1173123221711534,0.14839133289560097,7,6,1,1,1,0,2026-07-20 00:00:00,2026-07-20,43
PYTH_USDT,0.04757,0.30615046677649643,0.2912928349109293,0.7853185261329805,0.38984240991235064,0.0442,-0.07084296825730498,-0.047827218137335384,-0.17784317847382808,-0.116459953752365,8,2,1,1,1,1,2026-07-20 00:00:00,2026-07-20,43
UNI_USDT,3.631,0.20831946755407652,0.19346183568850936,0.6292775566038402,0.33104544309248807,3.705,0.0203800605893694,0.04339581070933898,0.07628752409804465,0.0005508124483613947,9,5,1,1,1,1,2026-07-20 00:00:00,2026-07-20,43
AAVE_USDT,89.81,0.18295574288724975,0.1680981110216826,0.8837400829763766,0.20702438014474484,97.93,0.0904130943102105,0.11342884443018009,0.028281928515755395,0.06057231934083061,10,12,1,0,0,0,2026-07-20 00:00:00,2026-07-20,43
AKE_USDT,0.0040255,10.715657741559955,10.653603155257198,9.492561999456862,1.1288478012756804,0.0044263,0.09956527139485771,0.10312124821352955,-0.014904980747733238,0.8991429636070051,1,1,1,1,1,1,2026-07-27 00:00:00,2026-07-27,44
LDO_USDT,0.3882,0.5812627291242363,0.5192081428214783,0.752290372636636,0.7726574076536696,0.3292,-0.1519835136527563,-0.14842753683408447,-0.24265842349304484,-0.06439979392065937,2,2,1,1,1,1,2026-07-27 00:00:00,2026-07-27,44
PUMPFUN_USDT,0.002117,0.5669874167283494,0.5049328304255915,1.1935611206856758,0.4750384432785705,0.002132,0.007085498346717173,0.01064147516538901,0.3117619272555503,1.30751062824752,3,4,1,1,1,1,2026-07-27 00:00:00,2026-07-27,44
SOONNETWORK_USDT,0.2378,0.3801508995937319,0.318096313290974,1.0750971403536622,0.3535967916989139,0.2151,-0.0954583683767872,-0.09190239155811536,-0.0630782169890665,-0.1446593776282591,4,8,1,1,0,0,2026-07-27 00:00:00,2026-07-27,44
PYTH_USDT,0.0442,0.3201911589008363,0.25813657259807843,0.7570099993554664,0.4229682027627819,0.03911,-0.11515837104072407,-0.11160239422205223,-0.035972850678733057,0.12601809954751128,5,6,1,1,1,0,2026-07-27 00:00:00,2026-07-27,44
UNI_USDT,3.705,0.2684012324546389,0.20634664615188103,0.6801946070070456,0.3945947669824127,3.908,0.054790823211875804,0.05834680003054764,0.06423751686909582,0.1821862348178137,6,7,1,1,1,0,2026-07-27 00:00:00,2026-07-27,44
ONDO_USDT,0.394,0.26728851720810554,0.20523393090534764,0.8963055171742296,0.29821139342172354,0.3717,-0.056598984771573706,-0.05304300795290187,-0.13730964467005086,-0.049492385786802075,7,15,1,0,0,0,2026-07-27 00:00:00,2026-07-27,44
LIT_USDT,2.13,0.23600069633842038,0.1739461100356625,1.1920356356517736,0.19798124257365968,2.0076,-0.057464788732394294,-0.05390881191372246,0.11863849765258214,0.6220657276995306,8,23,1,0,0,0,2026-07-27 00:00:00,2026-07-27,44
CVX_USDT,1.35,0.2351326623970724,0.1730780760943145,0.7595948452976943,0.30955010273262334,1.324,-0.019259259259259275,-0.015703282440587437,0.2748148148148148,0.8318518518518516,9,11,1,0,0,0,2026-07-27 00:00:00,2026-07-27,44
PENDLE_USDT,1.4946,0.20639276777786753,0.14433818147510963,0.6888103194150846,0.299636579128387,1.3682,-0.08457112270841687,-0.08101514588974502,-0.09460725277666264,0.1734243275792855,10,14,1,0,0,0,2026-07-27 00:00:00,2026-07-27,44
AKE_USDT,0.0044263,13.109977685686964,13.103898152655944,9.526327152640228,1.3761838613797266,0.0039655,-0.10410500869800961,-0.11106753139589658,1.0048347378171383,2.7297517113616334,1,1,1,1,1,1,2026-08-03 00:00:00,2026-08-03,45
BTW_USDT,0.10627,0.6437741686001548,0.6376946355691345,2.066580690113674,0.31151658954325345,0.19682,0.8520749035475674,0.8451123808496804,2.372823939023243,3.6063799755340167,2,4,1,1,1,1,2026-08-03 00:00:00,2026-08-03,45
PUMPFUN_USDT,0.002132,0.3737113402061857,0.36763180717516536,1.1419177772136526,0.3272664176557997,0.002777,0.30253283302063777,0.29557031032275083,0.2865853658536585,0.9165103189493432,3,3,1,1,1,1,2026-08-03 00:00:00,2026-08-03,45
UAI_USDT,0.3836,0.24991854024112084,0.24383900721010054,2.810835722870159,0.08891253878968343,0.2574,-0.32898852971845666,-0.3359510524163436,-0.2964025026068822,0.13946819603753907,4,27,1,0,0,0,2026-08-03 00:00:00,2026-08-03,45
SOONNETWORK_USDT,0.2151,0.24407171775592837,0.23799218472490807,1.6011767598599325,0.15243271316108736,0.2228,0.03579730357973029,0.028834780881843318,-0.07949790794979081,-0.12180381218038122,5,16,1,0,0,0,2026-08-03 00:00:00,2026-08-03,45
MSFTSTOCK_USDT,484.3,0.2373214787562913,0.23124194572527101,0.4080068199988718,0.5816605682153734,505.62,0.044022300227131925,0.037059777529244955,-0.007309518893248029,0.029072888705347893,6,2,1,1,1,1,2026-08-03 00:00:00,2026-08-03,45
UNI_USDT,3.908,0.21555209953343704,0.20947256650241675,0.7054781358957573,0.3055404392649915,3.943,0.008955987717502596,0.0019934650196156284,-0.1594165813715455,0.49692937563971334,7,5,1,1,1,1,2026-08-03 00:00:00,2026-08-03,45
LDO_USDT,0.3292,0.20851688693098394,0.20243735389996365,0.8257468437985283,0.2525191449376698,0.294,-0.10692588092345082,-0.11388840362133779,-0.07381530984204128,0.10814094775212643,8,11,1,0,0,0,2026-08-03 00:00:00,2026-08-03,45
ENA_USDT,0.09287,0.1785532994923858,0.1724737664613655,0.8107987963927499,0.22021899919779211,0.08793,-0.05319263486594164,-0.06015515756382861,-0.10498546355120056,0.6050393022504577,9,13,1,0,0,0,2026-08-03 00:00:00,2026-08-03,45
USOIL_USDT,80.34,0.16807211398662406,0.16199258095560376,0.576727029445713,0.29142402801574363,81.62,0.015932287776947985,0.008969765079061017,0.04580532735872532,0.12584017923823748,10,8,1,1,0,0,2026-08-03 00:00:00,2026-08-03,45
AKE_USDT,0.0039655,18.486486486486488,18.484039129741518,9.400252126644673,1.9665947505904882,0.008874,1.2378010339175387,1.2289645142238297,1.167696381288614,3.0504350018913122,1,1,1,1,1,1,2026-08-10 00:00:00,2026-08-10,46
BTW_USDT,0.19682,2.3179366149696565,2.315489258224688,2.2395354241006142,1.035007792252506,0.35843,0.8211055787013517,0.8122690590076427,1.293872573925414,1.293212071943908,2,2,1,1,1,1,2026-08-10 00:00:00,2026-08-10,46
PUMPFUN_USDT,0.002777,0.9992800575953923,0.9968327008504239,1.2240110669271167,0.8163978942642143,0.002743,-0.012243428159884676,-0.021079947853593697,0.708318329132157,0.4720921858120273,3,3,1,1,1,1,2026-08-10 00:00:00,2026-08-10,46
MUBARAK_USDT,0.02128,0.5952023988005998,0.5927550420556313,2.4971410871735076,0.2383535323085426,0.01667,-0.21663533834586463,-0.22547185803957365,0.12406015037593984,0.34868421052631576,4,14,1,0,0,0,2026-08-10 00:00:00,2026-08-10,46
CVX_USDT,1.721,0.40489795918367344,0.40245060243870495,0.71522079801771,0.566116030610239,1.563,-0.09180708890180135,-0.10064360859551037,0.28181289947704813,0.26612434631028453,5,6,1,1,1,0,2026-08-10 00:00:00,2026-08-10,46
PLTRSTOCK_USDT,173.04,0.36747273589378837,0.3650253791488199,0.8404949925435758,0.43720990506048324,171.59,-0.008379565418400304,-0.017216085112109328,0.015025427646786839,-0.018377253814146895,6,8,1,1,0,0,2026-08-10 00:00:00,2026-08-10,46
SOONNETWORK_USDT,0.2228,0.3333333333333333,0.3308859765883648,1.6067411827241742,0.20745925785519367,0.198,-0.11131059245960498,-0.120147112153314,-0.13150807899461397,-0.16786355475763012,7,15,1,0,0,0,2026-08-10 00:00:00,2026-08-10,46
MSFTSTOCK_USDT,505.62,0.31538281432919696,0.31293545758422847,0.4028339633556015,0.782910188858115,480.76,-0.04916735888612004,-0.05800387857982906,-0.03591630077924138,-0.024959455717732695,8,4,1,1,1,1,2026-08-10 00:00:00,2026-08-10,46
CRV_USDT,0.2626,0.2631072631072631,0.26065990636229464,0.609773305209764,0.431483734790183,0.2416,-0.07996953541507994,-0.08880605510878896,0.2890327494287891,0.3537699923838537,9,9,1,1,0,0,2026-08-10 00:00:00,2026-08-10,46
XMR_USDT,397.65,0.23187732342007425,0.2294299666751058,0.4068126161881851,0.5699855761425341,416.02,0.04619640387275244,0.037359884179043415,0.11482459449264436,0.28902301018483606,10,5,1,1,1,1,2026-08-10 00:00:00,2026-08-10,46
BTW_USDT,0.35843,4.666877470355731,4.67153137479021,2.5744175887344265,1.8127896153203138,0.45148,0.25960438579359973,0.03560656859720007,0.1348659431409201,1.0921797840582539,1,1,1,1,1,1,2026-08-17 00:00:00,2026-08-17,47
AKE_USDT,0.008874,3.4268183178689013,3.431472222303381,3.9024284804587572,0.8781245665432554,0.008596,-0.03132747351814294,-0.2553252907145426,-0.08496732026143784,1.291300428217264,2,2,1,1,1,1,2026-08-17 00:00:00,2026-08-17,47
PONS_USDT,0.030604,1.4308181096108021,1.435472014045282,5.156629705680665,0.2774715640400898,0.078812,1.5752189256306364,1.3512211084342367,12.060384263494967,17.794928767481377,3,19,1,0,0,0,2026-08-17 00:00:00,2026-08-17,47
PUMPFUN_USDT,0.002743,0.6504211793020458,0.6550750837365256,1.2081339234260813,0.5383684430096556,0.004744,0.7294932555596061,0.5054954383632064,0.6223113379511482,0.3200874954429456,4,3,1,1,1,1,2026-08-17 00:00:00,2026-08-17,47
NBISSTOCK_USDT,270.7,0.5772300879799569,0.5818839924144367,1.835963169505517,0.31440177971294664,210.59,-0.2220539342445511,-0.44605175144095077,-0.2359069080162541,-0.17299593646102693,5,12,1,0,0,0,2026-08-17 00:00:00,2026-08-17,47
SNXX_USDT,19.42,0.5171875,0.5218414044344798,3.846716788442196,0.1344490713623462,12.73,-0.3444902162718847,-0.5684880334682844,-0.28115345005149334,-0.3053553038105047,6,39,1,0,0,0,2026-08-17 00:00:00,2026-08-17,47
MUBARAK_USDT,0.01667,0.4235695986336465,0.42822350306812623,2.621105052330073,0.16159962694250182,0.02392,0.43491301739652066,0.210915200200121,0.25974805038992205,0.7306538692261547,7,31,1,0,0,0,2026-08-17 00:00:00,2026-08-17,47
NIL_USDT,0.04806,0.38103448275862073,0.38568838719310045,1.581246359724458,0.24097097863043832,0.04493,-0.0651269246774865,-0.28912474187388615,0.09384103204327925,-0.16146483562213892,8,22,1,0,0,0,2026-08-17 00:00:00,2026-08-17,47
SNDKSTOCK_USDT,1804.34,0.341716240333135,0.34637014476761474,1.8577757554437435,0.18393836787449816,1475.19,-0.18242127315251,-0.40641909034890966,-0.14101555139275293,-0.1473281088930024,9,30,1,0,0,0,2026-08-17 00:00:00,2026-08-17,47
MUU_USDT,35.38,0.32608695652173925,0.33074086095621896,2.521204124573396,0.12933778480824723,27.49,-0.2230073487846242,-0.44700516598102386,-0.13284341435839464,-0.18739400791407582,10,41,1,0,0,0,2026-08-17 00:00:00,2026-08-17,47
BTW_USDT,0.45148,4.81354622714396,4.586386539245673,2.6811503210646017,1.7953287398047306,0.40677,-0.09902985735802244,-0.09391922191668392,0.0009745725170550101,1.2993266589882166,1,1,1,1,1,1,2026-08-24 00:00:00,2026-08-24,48
AKE_USDT,0.008596,1.8249367379802164,1.5977770500819293,3.583456408103475,0.5092671795458101,0.00812,-0.05537459283387611,-0.05026395739253759,0.9151931130758492,4.043275942298744,2,19,1,0,0,0,2026-08-24 00:00:00,2026-08-24,48
PUMPFUN_USDT,0.004744,1.6651685393258429,1.4380088514275557,1.585022327449353,1.0505647210695528,0.00445,-0.061973018549747044,-0.05686238310840853,-0.08157672849915687,-0.156618887015177,3,2,1,1,1,1,2026-08-24 00:00:00,2026-08-24,48
MUBARAK_USDT,0.02392,1.2439024390243905,1.0167427511261034,2.6988591620979223,0.46089935202749127,0.021,-0.12207357859531769,-0.11696294315397916,0.2491638795986622,1.2123745819397993,4,23,1,0,0,0,2026-08-24 00:00:00,2026-08-24,48
PONS_USDT,0.078812,0.9544203347799131,0.7272606468816258,4.722086134661616,0.2021183662394813,0.3997,4.071562706186875,4.076673341628214,8.153428411916968,7.0292341267827245,5,72,1,0,0,0,2026-08-24 00:00:00,2026-08-24,48
ENA_USDT,0.15272,0.7760204674962204,0.5488607795979332,1.4586625784245235,0.532008210105991,0.14949,-0.021149816657935982,-0.016039181216597465,0.07412257726558405,0.34854635935044526,6,16,1,0,0,0,2026-08-24 00:00:00,2026-08-24,48
ZEC_USDT,830.64,0.7119185507306115,0.48475886283232433,1.2221124467009967,0.5825311350460292,847.7,0.02053838004430326,0.025649015485641777,0.3715809496292016,0.8034166425888472,7,10,1,1,0,0,2026-08-24 00:00:00,2026-08-24,48
CVX_USDT,2.206,0.6775665399239544,0.45040685202566727,0.9595363318547221,0.706139535763343,2.236,0.01359927470534916,0.01870991014668768,0.017225747960108912,-0.12692656391659113,8,4,1,1,1,1,2026-08-24 00:00:00,2026-08-24,48
CRV_USDT,0.3385,0.6674876847290641,0.4403279968307769,1.030745152956969,0.6475778060310996,0.3374,-0.0032496307237815224,0.001861004717556995,0.09010339734121113,-0.040472673559822876,9,6,1,1,1,0,2026-08-24 00:00:00,2026-08-24,48
LIT_USDT,3.4027,0.6491542674356613,0.4219945795373741,1.056554394090671,0.6144068597569549,3.5637,0.04731536720839335,0.052426002649731865,0.3859875980838746,0.5584388867663915,10,9,1,1,0,0,2026-08-24 00:00:00,2026-08-24,48
PONS_USDT,0.3997,14.985442329227325,14.734498740692443,4.851036371576909,3.0891218249835672,0.7214,0.8048536402301727,0.7981508604543626,0.6227170377783336,,1,1,1,1,1,1,2026-08-31 00:00:00,2026-08-31,49
BTW_USDT,0.40677,3.456776596910266,3.2058330083753845,2.5919942486163277,1.3336359055409097,0.45192,0.11099638616417132,0.10429360638836116,0.43629077857265763,,2,2,1,1,1,1,2026-08-31 00:00:00,2026-08-31,49
PUMPFUN_USDT,0.00445,1.1060104117368672,0.8550668232019853,1.6468301081984136,0.6715995816634734,0.004357,-0.020898876404494428,-0.027601656180304586,-0.1730337078651685,,3,10,1,1,0,0,2026-08-31 00:00:00,2026-08-31,49
NIL_USDT,0.05257,0.8882902298850575,0.6373466413501756,1.6927026342547202,0.5247763026470167,0.05299,0.007989347536617914,0.001286567760807756,-0.19992391097584172,,4,21,1,0,0,0,2026-08-31 00:00:00,2026-08-31,49
ENA_USDT,0.14949,0.887023478919465,0.6360798903845832,1.5274375416915504,0.5807265139870379,0.16404,0.09733092514549453,0.09062814536968437,-0.04241086360291666,,5,17,1,0,0,0,2026-08-31 00:00:00,2026-08-31,49
ZEC_USDT,847.7,0.8367966024571517,0.58585301392227,1.2335648301406053,0.6783564041476209,1139.29,0.3439778223428098,0.3372750425669997,0.371912233101333,,6,9,1,1,0,0,2026-08-31 00:00:00,2026-08-31,49
USELESS_USDT,0.08981,0.813610662358643,0.5626670738237611,2.0852690698351464,0.39017058955512346,0.2304,1.565415877964592,1.5587130981887818,1.1877296514864712,,7,34,1,0,0,0,2026-08-31 00:00:00,2026-08-31,49
CVX_USDT,2.236,0.7675889328063245,0.5166453442714427,1.2377257216482642,0.6201607669461177,2.244,0.0035778175313059065,-0.0031249622445042517,-0.10599284436493742,,8,14,1,0,0,0,2026-08-31 00:00:00,2026-08-31,49
LIT_USDT,3.5637,0.7649068938193342,0.5139633052844523,0.9875846538633065,0.7745228632574584,4.7161,0.32337177652439886,0.3166689967485887,0.2308836321800376,,9,4,1,1,1,1,2026-08-31 00:00:00,2026-08-31,49
SPX_USDT,0.5543,0.7485804416403786,0.4976368531054968,1.2377639437515024,0.6047844949914506,0.5461,-0.014793433158939176,-0.021496212934749334,-0.09705935414035734,,10,16,1,0,0,0,2026-08-31 00:00:00,2026-08-31,49
PONS_USDT,0.7214,21.736298023889816,21.518404494854032,4.481929461217284,4.849763525280087,0.6486,-0.10091488771832559,-0.08927039381372745,-0.15871915719434437,,1,1,1,1,1,1,2026-09-07 00:00:00,2026-09-07,50
USELESS_USDT,0.2304,4.738480697384807,4.520587168349021,3.256469385851317,1.4550975722273087,0.19648,-0.14722222222222225,-0.1355777283176241,0.21662326388888895,,2,2,1,1,1,1,2026-09-07 00:00:00,2026-09-07,50
AKE_USDT,0.016463,3.1856503610291864,2.967756831993401,5.244749413007564,0.6073980108808283,0.01586,-0.03662758913928199,-0.024983095234683846,2.5071372167891637,,3,15,1,0,0,0,2026-09-07 00:00:00,2026-09-07,50
UAI_USDT,0.7157,1.980841316118284,1.7629477870824986,3.041650176217895,0.6512390318933187,0.4696,-0.3438591588654464,-0.3322146649608482,-0.44669554282520607,,4,10,1,1,0,0,2026-09-07 00:00:00,2026-09-07,50
BR_USDT,0.27868,1.273454070810899,1.0555605417751135,3.520026192979749,0.36177403263380353,0.53498,0.9196928376632698,0.9313373315678679,2.951054973446247,,5,58,1,0,0,0,2026-09-07 00:00:00,2026-09-07,50
ZEC_USDT,1139.29,1.243403434152489,1.0255099051167036,1.504102303202205,0.8266747757152603,1162.97,0.020784874790439715,0.03242936869503786,0.29110235321998795,,6,4,1,1,1,1,2026-09-07 00:00:00,2026-09-07,50
BTW_USDT,0.45192,1.2087976539589442,0.9909041249231587,2.0731231131462846,0.5830804964228136,0.58424,0.29279518498849355,0.3044396788930917,0.7704460966542752,,7,17,1,0,0,0,2026-09-07 00:00:00,2026-09-07,50
ARB_USDT,0.16928,1.164429101137962,0.9465355721021764,1.91452126071613,0.6082090207253197,0.13363,-0.2105978260869566,-0.19895333218235844,0.33217155009451776,,8,14,1,0,0,0,2026-09-07 00:00:00,2026-09-07,50
LIT_USDT,4.7161,1.0670143758765778,0.8491208468407923,1.1448395749125597,0.9320208693502527,4.3865,-0.06988825512605758,-0.05824376122145943,0.003329021861283651,,9,3,1,1,1,1,2026-09-07 00:00:00,2026-09-07,50
SNXX_USDT,18.2,0.9825708061002179,0.7646772770644323,2.0328820493855413,0.4833388176147306,13.9,-0.2362637362637362,-0.22461924235913805,-0.02912087912087899,,10,37,1,0,0,0,2026-09-07 00:00:00,2026-09-07,50
PONS_USDT,0.6486,16.541107745564688,16.30161144081003,4.4035848697899835,3.756282264262019,0.6069,-0.06429232192414425,-0.17212775705833888,-0.16358310206598825,,1,1,1,1,1,1,2026-09-14 00:00:00,2026-09-14,51
USELESS_USDT,0.19648,4.032786885245902,3.7932905804912473,3.4592781877437977,1.1657885450016834,0.28031,0.4266592019543975,0.31882376682020286,0.20969055374592843,,2,2,1,1,1,1,2026-09-14 00:00:00,2026-09-14,51
LSK_USDT,0.3775,4.0059673783317855,3.7664710735771307,6.8953483601531715,0.5809666414363434,0.36351,-0.03705960264900663,-0.14489503778320126,-0.19022516556291386,,3,10,1,1,0,0,2026-09-14 00:00:00,2026-09-14,51
BR_USDT,0.53498,1.4576442484380743,1.2181479436834195,3.380257144898202,0.43122288806876313,1.10108,1.0581703988934166,0.950334963759222,0.6672398968185725,,4,27,1,0,0,0,2026-09-14 00:00:00,2026-09-14,51
ZEC_USDT,1162.97,1.3846989829396326,1.1452026781849778,1.6402900180623192,0.8441793632173551,1470.94,0.2648133657789969,0.15697793064480225,0.27507158396175296,,5,4,1,1,1,1,2026-09-14 00:00:00,2026-09-14,51
RAY_USDT,1.3946,1.247180148243635,1.0076838434889803,1.791567873468948,0.6961389332287843,1.8013,0.29162483866341593,0.1837894035292213,0.36096371719489445,,6,8,1,1,0,0,2026-09-14 00:00:00,2026-09-14,51
UNI_USDT,6.53,1.017299969107198,0.7778036643525433,1.0941723495825908,0.9297438100087995,8.999,0.37810107197549775,0.2702656368413031,0.3477794793261868,,7,3,1,1,1,1,2026-09-14 00:00:00,2026-09-14,51
LIT_USDT,4.3865,0.9385274880678804,0.6990311833132258,1.2125028296508331,0.7740414827222714,4.7318,0.07871879630685055,-0.029116638827344082,0.012424484212926022,,8,7,1,1,1,0,2026-09-14 00:00:00,2026-09-14,51
BTW_USDT,0.58424,0.9239305825402575,0.6844342777856028,2.2955042662509633,0.4024956939196757,0.8001,0.3694714500890046,0.26163601495481,0.9159934273586198,,9,35,1,0,0,0,2026-09-14 00:00:00,2026-09-14,51
VVV_USDT,23.111,0.9158584100140926,0.676362105259438,1.7603474280104339,0.5202713938402529,31.996,0.38444896369694076,0.2766135285627461,0.204794253818528,,10,15,1,0,0,0,2026-09-14 00:00:00,2026-09-14,51
PONS_USDT,0.6069,14.09401114206128,13.970786468845947,4.017055487453898,3.508542808552139,0.5425,-0.10611303344867361,-0.07005403348216738,,,1,1,1,1,1,1,2026-09-21 00:00:00,2026-09-21,52
AKE_USDT,0.057738,5.634264046880385,5.511039373665052,6.5417461379585,0.8612783082772889,0.032066,-0.4446291870172157,-0.40857018705070947,,,2,6,1,1,1,0,2026-09-21 00:00:00,2026-09-21,52
ONE_USDT,0.0042171,4.646137367786852,4.522912694571519,4.712318371831763,0.98595574432311,0.0024432,-0.42064451874510916,-0.3845855187786029,,,3,2,1,1,1,1,2026-09-21 00:00:00,2026-09-21,52
BR_USDT,1.10108,3.6547452969773833,3.5315206237620504,6.809247073805911,0.5367326603607331,0.89194,-0.18994078541068776,-0.15388178544418152,,,4,19,1,0,0,0,2026-09-21 00:00:00,2026-09-21,52
USELESS_USDT,0.28031,3.301872314303254,3.178647641087921,3.378458729236564,0.9773309603368704,0.23768,-0.1520816239163783,-0.11602262394987208,,,5,3,1,1,1,1,2026-09-21 00:00:00,2026-09-21,52
LSK_USDT,0.36351,3.1000451161741482,2.9768204429588154,7.06624795268935,0.43871162417875514,0.30569,-0.1590602734450221,-0.12300127347851587,,,6,30,1,0,0,0,2026-09-21 00:00:00,2026-09-21,52
SAGA_USDT,0.03944,1.8011363636363635,1.6779116904210305,2.3788839970877387,0.7571350119809703,0.02754,-0.3017241379310346,-0.26566513796452834,,,7,8,1,1,0,0,2026-09-21 00:00:00,2026-09-21,52
RAY_USDT,1.8013,1.4185016111707838,1.2952769379554507,1.9833940872832339,0.7151889885452795,1.898,0.053683450841059244,0.08974245080756547,,,8,10,1,1,0,0,2026-09-21 00:00:00,2026-09-21,52
ARB_USDT,0.22551,1.2778787878787876,1.1546541146634546,2.115293858667126,0.6041140726820791,0.20191,-0.10465167841780845,-0.06859267845130222,,,9,13,1,0,0,0,2026-09-21 00:00:00,2026-09-21,52
NEAR_USDT,4.268,1.2738412360149174,1.1506165627995844,1.408341005715027,0.9044977252282569,4.82,0.12933458294283048,0.1653935829093367,,,10,4,1,1,1,1,2026-09-21 00:00:00,2026-09-21,52
AKE_USDT,0.032066,2.9568114511352417,2.8895447898393707,6.264968881756728,0.4719594792793508,,,,,,1,26,1,0,0,0,2026-09-28 00:00:00,2026-09-28,53
BR_USDT,0.89194,2.8869569006841846,2.8196902393883136,6.813363842758983,0.4237197612384001,,,,,,2,34,1,0,0,0,2026-09-28 00:00:00,2026-09-28,53
QNT_USDT,230.38,2.754563233376792,2.687296572080921,3.777004004584002,0.7292984677892019,,,,,,3,4,1,1,1,1,2026-09-28 00:00:00,2026-09-28,53
USELESS_USDT,0.23768,2.6515593793209407,2.5842927180250697,3.529075208484927,0.7513468040992206,,,,,,4,3,1,1,1,1,2026-09-28 00:00:00,2026-09-28,53
ONE_USDT,0.0024432,2.256731538256465,2.189464876960594,5.010500148581566,0.4504004533150904,,,,,,5,30,1,0,0,0,2026-09-28 00:00:00,2026-09-28,53
LSK_USDT,0.30569,2.00846373388446,1.9411970725885894,7.155721620207062,0.2806794115932003,,,,,,6,64,1,0,0,0,2026-09-28 00:00:00,2026-09-28,53
MUBARAK_USDT,0.0589,1.6424405563032751,1.5751738950074043,3.5861479064725796,0.45799576569021627,,,,,,7,28,1,0,0,0,2026-09-28 00:00:00,2026-09-28,53
NEAR_USDT,4.82,1.58168184252812,1.5144151812322493,1.4337965429716144,1.1031424578901592,,,,,,8,1,1,1,1,1,2026-09-28 00:00:00,2026-09-28,53
BTW_USDT,1.1194,1.4490242408331147,1.3817575795372439,2.799846312748528,0.517537064172158,,,,,,9,22,1,0,0,0,2026-09-28 00:00:00,2026-09-28,53
PHA_USDT,0.06059,1.4187624750499004,1.3514958137540296,2.907700142433344,0.4879328698118754,,,,,,10,23,1,0,0,0,2026-09-28 00:00:00,2026-09-28,53
